 * Serving Flask app 'app'
 * Debug mode: off
[ISWEEP][STT] whisper enabled {'model': 'base', 'fallback_model': 'base', 'language': 'en', 'vad_filter': True, 'device': 'cpu', 'compute_type': 'int8'}
[ISWEEP][CAPTIONS_TRANSCRIBE] request received {'video_id': 'tQmEd_UeeIk', 'start_seconds': 117.55200000000002, 'end_seconds': 119.80800000000002, 'mime_type': 'audio/wav'}
[ISWEEP][CAPTIONS_TRANSCRIBE] stt state {'video_id': 'tQmEd_UeeIk', 'stt_enabled': True, 'model_name': 'base', 'model_initialized': True, 'model_init_error': None}
[ISWEEP][CAPTIONS_TRANSCRIBE] audio diagnostics {'video_id': 'tQmEd_UeeIk', 'wav_bytes': 72236, 'sample_rate': 16000, 'duration_seconds': 2.256, 'rms': 0.0, 'peak': 0.0, 'wav_parse_ok': True}
[ISWEEP][STT_SESSION] buffer reset {'tab_id': 124035955, 'video_id': 'tQmEd_UeeIk', 'session_id': '124035955:tQmEd_UeeIk:1787878149450:nvsc63', 'chunk_id': '124035955:tQmEd_UeeIk:1787878149450:nvsc63:94', 'audio_window_start_ms': 117552, 'audio_window_end_ms': 119808, 'vad_state': None, 'reason': 'new_identity_key', 'rolling_key': '2::124035955::tQmEd_UeeIk::124035955:tQmEd_UeeIk:1787878149450:nvsc63'}
[ISWEEP][CAPTIONS_TRANSCRIBE] hotword hints {'video_id': 'tQmEd_UeeIk', 'count': 0, 'preview': []}
[ISWEEP][AUDIO_STT] chunk received {'video_id': 'tQmEd_UeeIk', 'start_seconds': 117.55200000000002, 'end_seconds': 119.80800000000002, 'mime_type': 'audio/wav'}
[ISWEEP][AUDIO_DEBUG] received audio bytes: 72236
[ISWEEP][AUDIO_STT] whisper started {'video_id': 'tQmEd_UeeIk', 'model': 'base'}
[ISWEEP][CAPTIONS_TRANSCRIBE] transcription output {'video_id': 'tQmEd_UeeIk', 'raw_text_preview': '', 'clean_text_preview': '', 'word_timestamp_count': 0, 'dedup_word_timestamp_count': 0, 'is_partial': False, 'stable_text_preview': '', 'failure_reason': None}
[ISWEEP][STT_SESSION] silence response emitted {'tab_id': 124035955, 'video_id': 'tQmEd_UeeIk', 'session_id': '124035955:tQmEd_UeeIk:1787878149450:nvsc63', 'chunk_id': '124035955:tQmEd_UeeIk:1787878149450:nvsc63:94', 'sequence_number': 94, 'audio_window_start_ms': 117552, 'audio_window_end_ms': 119808, 'vad_state': None, 'stt_status': 'silent_audio', 'text_length': 0, 'word_count': 0}
[ISWEEP][CAPTIONS_TRANSCRIBE] text returned {'video_id': 'tQmEd_UeeIk', 'source': 'silence', 'text': '', 'confidence': 0.0}
[ISWEEP][CAPTIONS_TRANSCRIBE] request received {'video_id': 'tQmEd_UeeIk', 'start_seconds': 125.08800000000002, 'end_seconds': 127.34400000000002, 'mime_type': 'audio/wav'}
[ISWEEP][CAPTIONS_TRANSCRIBE] stt state {'video_id': 'tQmEd_UeeIk', 'stt_enabled': True, 'model_name': 'base', 'model_initialized': True, 'model_init_error': None}
[ISWEEP][CAPTIONS_TRANSCRIBE] audio diagnostics {'video_id': 'tQmEd_UeeIk', 'wav_bytes': 72236, 'sample_rate': 16000, 'duration_seconds': 2.256, 'rms': 0.0, 'peak': 0.0, 'wav_parse_ok': True}
[ISWEEP][CAPTIONS_TRANSCRIBE] hotword hints {'video_id': 'tQmEd_UeeIk', 'count': 0, 'preview': []}
[ISWEEP][AUDIO_STT] chunk received {'video_id': 'tQmEd_UeeIk', 'start_seconds': 125.08800000000002, 'end_seconds': 127.34400000000002, 'mime_type': 'audio/wav'}
[ISWEEP][AUDIO_DEBUG] received audio bytes: 72236
[ISWEEP][AUDIO_STT] whisper started {'video_id': 'tQmEd_UeeIk', 'model': 'base'}
[ISWEEP][CAPTIONS_TRANSCRIBE] transcription output {'video_id': 'tQmEd_UeeIk', 'raw_text_preview': '', 'clean_text_preview': '', 'word_timestamp_count': 0, 'dedup_word_timestamp_count': 0, 'is_partial': False, 'stable_text_preview': '', 'failure_reason': None}
[ISWEEP][STT_SESSION] silence response emitted {'tab_id': 124035955, 'video_id': 'tQmEd_UeeIk', 'session_id': '124035955:tQmEd_UeeIk:1787878149450:nvsc63', 'chunk_id': '124035955:tQmEd_UeeIk:1787878149450:nvsc63:100', 'sequence_number': 100, 'audio_window_start_ms': 125088, 'audio_window_end_ms': 127344, 'vad_state': None, 'stt_status': 'silent_audio', 'text_length': 0, 'word_count': 0}
[ISWEEP][CAPTIONS_TRANSCRIBE] text returned {'video_id': 'tQmEd_UeeIk', 'source': 'silence', 'text': '', 'confidence': 0.0}
[ISWEEP][CAPTIONS_TRANSCRIBE] request received {'video_id': 'tQmEd_UeeIk', 'start_seconds': 126.34400000000002, 'end_seconds': 128.60000000000002, 'mime_type': 'audio/wav'}
[ISWEEP][CAPTIONS_TRANSCRIBE] stt state {'video_id': 'tQmEd_UeeIk', 'stt_enabled': True, 'model_name': 'base', 'model_initialized': True, 'model_init_error': None}
[ISWEEP][CAPTIONS_TRANSCRIBE] audio diagnostics {'video_id': 'tQmEd_UeeIk', 'wav_bytes': 72236, 'sample_rate': 16000, 'duration_seconds': 2.256, 'rms': 0.0, 'peak': 0.0, 'wav_parse_ok': True}
[ISWEEP][CAPTIONS_TRANSCRIBE] hotword hints {'video_id': 'tQmEd_UeeIk', 'count': 0, 'preview': []}
[ISWEEP][AUDIO_STT] chunk received {'video_id': 'tQmEd_UeeIk', 'start_seconds': 126.34400000000002, 'end_seconds': 128.60000000000002, 'mime_type': 'audio/wav'}
[ISWEEP][AUDIO_DEBUG] received audio bytes: 72236
[ISWEEP][AUDIO_STT] whisper started {'video_id': 'tQmEd_UeeIk', 'model': 'base'}
[ISWEEP][CAPTIONS_TRANSCRIBE] transcription output {'video_id': 'tQmEd_UeeIk', 'raw_text_preview': '', 'clean_text_preview': '', 'word_timestamp_count': 0, 'dedup_word_timestamp_count': 0, 'is_partial': False, 'stable_text_preview': '', 'failure_reason': None}
[ISWEEP][STT_SESSION] silence response emitted {'tab_id': 124035955, 'video_id': 'tQmEd_UeeIk', 'session_id': '124035955:tQmEd_UeeIk:1787878149450:nvsc63', 'chunk_id': '124035955:tQmEd_UeeIk:1787878149450:nvsc63:101', 'sequence_number': 101, 'audio_window_start_ms': 126344, 'audio_window_end_ms': 128600, 'vad_state': None, 'stt_status': 'silent_audio', 'text_length': 0, 'word_count': 0}
[ISWEEP][CAPTIONS_TRANSCRIBE] text returned {'video_id': 'tQmEd_UeeIk', 'source': 'silence', 'text': '', 'confidence': 0.0}
[ISWEEP][CAPTIONS_TRANSCRIBE] request received {'video_id': 'tQmEd_UeeIk', 'start_seconds': 127.60000000000002, 'end_seconds': 129.85600000000002, 'mime_type': 'audio/wav'}
[ISWEEP][CAPTIONS_TRANSCRIBE] stt state {'video_id': 'tQmEd_UeeIk', 'stt_enabled': True, 'model_name': 'base', 'model_initialized': True, 'model_init_error': None}
[ISWEEP][CAPTIONS_TRANSCRIBE] audio diagnostics {'video_id': 'tQmEd_UeeIk', 'wav_bytes': 72236, 'sample_rate': 16000, 'duration_seconds': 2.256, 'rms': 0.0, 'peak': 0.0, 'wav_parse_ok': True}
[ISWEEP][CAPTIONS_TRANSCRIBE] hotword hints {'video_id': 'tQmEd_UeeIk', 'count': 0, 'preview': []}
[ISWEEP][AUDIO_STT] chunk received {'video_id': 'tQmEd_UeeIk', 'start_seconds': 127.60000000000002, 'end_seconds': 129.85600000000002, 'mime_type': 'audio/wav'}
[ISWEEP][AUDIO_DEBUG] received audio bytes: 72236
[ISWEEP][AUDIO_STT] whisper started {'video_id': 'tQmEd_UeeIk', 'model': 'base'}
[ISWEEP][CAPTIONS_TRANSCRIBE] transcription output {'video_id': 'tQmEd_UeeIk', 'raw_text_preview': '', 'clean_text_preview': '', 'word_timestamp_count': 0, 'dedup_word_timestamp_count': 0, 'is_partial': False, 'stable_text_preview': '', 'failure_reason': None}
[ISWEEP][STT_SESSION] silence response emitted {'tab_id': 124035955, 'video_id': 'tQmEd_UeeIk', 'session_id': '124035955:tQmEd_UeeIk:1787878149450:nvsc63', 'chunk_id': '124035955:tQmEd_UeeIk:1787878149450:nvsc63:102', 'sequence_number': 102, 'audio_window_start_ms': 127600, 'audio_window_end_ms': 129856, 'vad_state': None, 'stt_status': 'silent_audio', 'text_length': 0, 'word_count': 0}
[ISWEEP][CAPTIONS_TRANSCRIBE] text returned {'video_id': 'tQmEd_UeeIk', 'source': 'silence', 'text': '', 'confidence': 0.0}
[ISWEEP][CAPTIONS_TRANSCRIBE] request received {'video_id': 'tQmEd_UeeIk', 'start_seconds': 128.85600000000002, 'end_seconds': 131.11200000000002, 'mime_type': 'audio/wav'}
[ISWEEP][CAPTIONS_TRANSCRIBE] stt state {'video_id': 'tQmEd_UeeIk', 'stt_enabled': True, 'model_name': 'base', 'model_initialized': True, 'model_init_error': None}
[ISWEEP][CAPTIONS_TRANSCRIBE] audio diagnostics {'video_id': 'tQmEd_UeeIk', 'wav_bytes': 72236, 'sample_rate': 16000, 'duration_seconds': 2.256, 'rms': 0.0, 'peak': 0.0, 'wav_parse_ok': True}
[ISWEEP][CAPTIONS_TRANSCRIBE] hotword hints {'video_id': 'tQmEd_UeeIk', 'count': 0, 'preview': []}
[ISWEEP][AUDIO_STT] chunk received {'video_id': 'tQmEd_UeeIk', 'start_seconds': 128.85600000000002, 'end_seconds': 131.11200000000002, 'mime_type': 'audio/wav'}
[ISWEEP][AUDIO_DEBUG] received audio bytes: 72236
[ISWEEP][AUDIO_STT] whisper started {'video_id': 'tQmEd_UeeIk', 'model': 'base'}
[ISWEEP][CAPTIONS_TRANSCRIBE] transcription output {'video_id': 'tQmEd_UeeIk', 'raw_text_preview': '', 'clean_text_preview': '', 'word_timestamp_count': 0, 'dedup_word_timestamp_count': 0, 'is_partial': False, 'stable_text_preview': '', 'failure_reason': None}
[ISWEEP][STT_SESSION] silence response emitted {'tab_id': 124035955, 'video_id': 'tQmEd_UeeIk', 'session_id': '124035955:tQmEd_UeeIk:1787878149450:nvsc63', 'chunk_id': '124035955:tQmEd_UeeIk:1787878149450:nvsc63:103', 'sequence_number': 103, 'audio_window_start_ms': 128856, 'audio_window_end_ms': 131112, 'vad_state': None, 'stt_status': 'silent_audio', 'text_length': 0, 'word_count': 0}
[ISWEEP][CAPTIONS_TRANSCRIBE] text returned {'video_id': 'tQmEd_UeeIk', 'source': 'silence', 'text': '', 'confidence': 0.0}
[ISWEEP][CAPTIONS_TRANSCRIBE] request received {'video_id': 'tQmEd_UeeIk', 'start_seconds': 130.11200000000002, 'end_seconds': 132.36800000000002, 'mime_type': 'audio/wav'}
[ISWEEP][CAPTIONS_TRANSCRIBE] stt state {'video_id': 'tQmEd_UeeIk', 'stt_enabled': True, 'model_name': 'base', 'model_initialized': True, 'model_init_error': None}
[ISWEEP][CAPTIONS_TRANSCRIBE] audio diagnostics {'video_id': 'tQmEd_UeeIk', 'wav_bytes': 72236, 'sample_rate': 16000, 'duration_seconds': 2.256, 'rms': 0.0, 'peak': 0.0, 'wav_parse_ok': True}
[ISWEEP][CAPTIONS_TRANSCRIBE] hotword hints {'video_id': 'tQmEd_UeeIk', 'count': 0, 'preview': []}
[ISWEEP][AUDIO_STT] chunk received {'video_id': 'tQmEd_UeeIk', 'start_seconds': 130.11200000000002, 'end_seconds': 132.36800000000002, 'mime_type': 'audio/wav'}
[ISWEEP][AUDIO_DEBUG] received audio bytes: 72236
[ISWEEP][AUDIO_STT] whisper started {'video_id': 'tQmEd_UeeIk', 'model': 'base'}
[ISWEEP][CAPTIONS_TRANSCRIBE] transcription output {'video_id': 'tQmEd_UeeIk', 'raw_text_preview': '', 'clean_text_preview': '', 'word_timestamp_count': 0, 'dedup_word_timestamp_count': 0, 'is_partial': False, 'stable_text_preview': '', 'failure_reason': None}
[ISWEEP][STT_SESSION] silence response emitted {'tab_id': 124035955, 'video_id': 'tQmEd_UeeIk', 'session_id': '124035955:tQmEd_UeeIk:1787878149450:nvsc63', 'chunk_id': '124035955:tQmEd_UeeIk:1787878149450:nvsc63:104', 'sequence_number': 104, 'audio_window_start_ms': 130112, 'audio_window_end_ms': 132368, 'vad_state': None, 'stt_status': 'silent_audio', 'text_length': 0, 'word_count': 0}
[ISWEEP][CAPTIONS_TRANSCRIBE] text returned {'video_id': 'tQmEd_UeeIk', 'source': 'silence', 'text': '', 'confidence': 0.0}
[ISWEEP][CAPTIONS_TRANSCRIBE] request received {'video_id': 'tQmEd_UeeIk', 'start_seconds': 131.36800000000002, 'end_seconds': 133.62400000000002, 'mime_type': 'audio/wav'}
[ISWEEP][CAPTIONS_TRANSCRIBE] stt state {'video_id': 'tQmEd_UeeIk', 'stt_enabled': True, 'model_name': 'base', 'model_initialized': True, 'model_init_error': None}
[ISWEEP][CAPTIONS_TRANSCRIBE] audio diagnostics {'video_id': 'tQmEd_UeeIk', 'wav_bytes': 72236, 'sample_rate': 16000, 'duration_seconds': 2.256, 'rms': 0.0, 'peak': 0.0, 'wav_parse_ok': True}
[ISWEEP][CAPTIONS_TRANSCRIBE] hotword hints {'video_id': 'tQmEd_UeeIk', 'count': 0, 'preview': []}
[ISWEEP][AUDIO_STT] chunk received {'video_id': 'tQmEd_UeeIk', 'start_seconds': 131.36800000000002, 'end_seconds': 133.62400000000002, 'mime_type': 'audio/wav'}
[ISWEEP][AUDIO_DEBUG] received audio bytes: 72236
[ISWEEP][AUDIO_STT] whisper started {'video_id': 'tQmEd_UeeIk', 'model': 'base'}
[ISWEEP][CAPTIONS_TRANSCRIBE] transcription output {'video_id': 'tQmEd_UeeIk', 'raw_text_preview': '', 'clean_text_preview': '', 'word_timestamp_count': 0, 'dedup_word_timestamp_count': 0, 'is_partial': False, 'stable_text_preview': '', 'failure_reason': None}
[ISWEEP][STT_SESSION] silence response emitted {'tab_id': 124035955, 'video_id': 'tQmEd_UeeIk', 'session_id': '124035955:tQmEd_UeeIk:1787878149450:nvsc63', 'chunk_id': '124035955:tQmEd_UeeIk:1787878149450:nvsc63:105', 'sequence_number': 105, 'audio_window_start_ms': 131368, 'audio_window_end_ms': 133624, 'vad_state': None, 'stt_status': 'silent_audio', 'text_length': 0, 'word_count': 0}
[ISWEEP][CAPTIONS_TRANSCRIBE] text returned {'video_id': 'tQmEd_UeeIk', 'source': 'silence', 'text': '', 'confidence': 0.0}
[ISWEEP][CAPTIONS_TRANSCRIBE] request received {'video_id': 'tQmEd_UeeIk', 'start_seconds': 132.62400000000002, 'end_seconds': 134.88000000000002, 'mime_type': 'audio/wav'}
[ISWEEP][CAPTIONS_TRANSCRIBE] stt state {'video_id': 'tQmEd_UeeIk', 'stt_enabled': True, 'model_name': 'base', 'model_initialized': True, 'model_init_error': None}
[ISWEEP][CAPTIONS_TRANSCRIBE] audio diagnostics {'video_id': 'tQmEd_UeeIk', 'wav_bytes': 72236, 'sample_rate': 16000, 'duration_seconds': 2.256, 'rms': 0.0, 'peak': 0.0, 'wav_parse_ok': True}
[ISWEEP][CAPTIONS_TRANSCRIBE] hotword hints {'video_id': 'tQmEd_UeeIk', 'count': 0, 'preview': []}
[ISWEEP][AUDIO_STT] chunk received {'video_id': 'tQmEd_UeeIk', 'start_seconds': 132.62400000000002, 'end_seconds': 134.88000000000002, 'mime_type': 'audio/wav'}
[ISWEEP][AUDIO_DEBUG] received audio bytes: 72236
[ISWEEP][AUDIO_STT] whisper started {'video_id': 'tQmEd_UeeIk', 'model': 'base'}
[ISWEEP][CAPTIONS_TRANSCRIBE] transcription output {'video_id': 'tQmEd_UeeIk', 'raw_text_preview': '', 'clean_text_preview': '', 'word_timestamp_count': 0, 'dedup_word_timestamp_count': 0, 'is_partial': False, 'stable_text_preview': '', 'failure_reason': None}
[ISWEEP][STT_SESSION] silence response emitted {'tab_id': 124035955, 'video_id': 'tQmEd_UeeIk', 'session_id': '124035955:tQmEd_UeeIk:1787878149450:nvsc63', 'chunk_id': '124035955:tQmEd_UeeIk:1787878149450:nvsc63:106', 'sequence_number': 106, 'audio_window_start_ms': 132624, 'audio_window_end_ms': 134880, 'vad_state': None, 'stt_status': 'silent_audio', 'text_length': 0, 'word_count': 0}
[ISWEEP][CAPTIONS_TRANSCRIBE] text returned {'video_id': 'tQmEd_UeeIk', 'source': 'silence', 'text': '', 'confidence': 0.0}
[ISWEEP][CAPTIONS_TRANSCRIBE] request received {'video_id': 'tQmEd_UeeIk', 'start_seconds': 133.88000000000002, 'end_seconds': 136.13600000000002, 'mime_type': 'audio/wav'}
[ISWEEP][CAPTIONS_TRANSCRIBE] stt state {'video_id': 'tQmEd_UeeIk', 'stt_enabled': True, 'model_name': 'base', 'model_initialized': True, 'model_init_error': None}
[ISWEEP][CAPTIONS_TRANSCRIBE] audio diagnostics {'video_id': 'tQmEd_UeeIk', 'wav_bytes': 72236, 'sample_rate': 16000, 'duration_seconds': 2.256, 'rms': 0.0, 'peak': 0.0, 'wav_parse_ok': True}
[ISWEEP][CAPTIONS_TRANSCRIBE] hotword hints {'video_id': 'tQmEd_UeeIk', 'count': 0, 'preview': []}
[ISWEEP][AUDIO_STT] chunk received {'video_id': 'tQmEd_UeeIk', 'start_seconds': 133.88000000000002, 'end_seconds': 136.13600000000002, 'mime_type': 'audio/wav'}
[ISWEEP][AUDIO_DEBUG] received audio bytes: 72236
[ISWEEP][AUDIO_STT] whisper started {'video_id': 'tQmEd_UeeIk', 'model': 'base'}
[ISWEEP][CAPTIONS_TRANSCRIBE] transcription output {'video_id': 'tQmEd_UeeIk', 'raw_text_preview': '', 'clean_text_preview': '', 'word_timestamp_count': 0, 'dedup_word_timestamp_count': 0, 'is_partial': False, 'stable_text_preview': '', 'failure_reason': None}
[ISWEEP][STT_SESSION] silence response emitted {'tab_id': 124035955, 'video_id': 'tQmEd_UeeIk', 'session_id': '124035955:tQmEd_UeeIk:1787878149450:nvsc63', 'chunk_id': '124035955:tQmEd_UeeIk:1787878149450:nvsc63:107', 'sequence_number': 107, 'audio_window_start_ms': 133880, 'audio_window_end_ms': 136136, 'vad_state': None, 'stt_status': 'silent_audio', 'text_length': 0, 'word_count': 0}
[ISWEEP][CAPTIONS_TRANSCRIBE] text returned {'video_id': 'tQmEd_UeeIk', 'source': 'silence', 'text': '', 'confidence': 0.0}
[ISWEEP][CAPTIONS_TRANSCRIBE] request received {'video_id': 'tQmEd_UeeIk', 'start_seconds': 135.13600000000002, 'end_seconds': 137.39200000000002, 'mime_type': 'audio/wav'}
[ISWEEP][CAPTIONS_TRANSCRIBE] stt state {'video_id': 'tQmEd_UeeIk', 'stt_enabled': True, 'model_name': 'base', 'model_initialized': True, 'model_init_error': None}
[ISWEEP][CAPTIONS_TRANSCRIBE] audio diagnostics {'video_id': 'tQmEd_UeeIk', 'wav_bytes': 72236, 'sample_rate': 16000, 'duration_seconds': 2.256, 'rms': 0.0, 'peak': 0.0, 'wav_parse_ok': True}
[ISWEEP][CAPTIONS_TRANSCRIBE] hotword hints {'video_id': 'tQmEd_UeeIk', 'count': 0, 'preview': []}
[ISWEEP][AUDIO_STT] chunk received {'video_id': 'tQmEd_UeeIk', 'start_seconds': 135.13600000000002, 'end_seconds': 137.39200000000002, 'mime_type': 'audio/wav'}
[ISWEEP][AUDIO_DEBUG] received audio bytes: 72236
[ISWEEP][AUDIO_STT] whisper started {'video_id': 'tQmEd_UeeIk', 'model': 'base'}
[ISWEEP][CAPTIONS_TRANSCRIBE] transcription output {'video_id': 'tQmEd_UeeIk', 'raw_text_preview': '', 'clean_text_preview': '', 'word_timestamp_count': 0, 'dedup_word_timestamp_count': 0, 'is_partial': False, 'stable_text_preview': '', 'failure_reason': None}
[ISWEEP][STT_SESSION] silence response emitted {'tab_id': 124035955, 'video_id': 'tQmEd_UeeIk', 'session_id': '124035955:tQmEd_UeeIk:1787878149450:nvsc63', 'chunk_id': '124035955:tQmEd_UeeIk:1787878149450:nvsc63:108', 'sequence_number': 108, 'audio_window_start_ms': 135136, 'audio_window_end_ms': 137392, 'vad_state': None, 'stt_status': 'silent_audio', 'text_length': 0, 'word_count': 0}
[ISWEEP][CAPTIONS_TRANSCRIBE] text returned {'video_id': 'tQmEd_UeeIk', 'source': 'silence', 'text': '', 'confidence': 0.0}
[ISWEEP][CAPTIONS_TRANSCRIBE] request received {'video_id': 'tQmEd_UeeIk', 'start_seconds': 136.39200000000002, 'end_seconds': 138.64800000000002, 'mime_type': 'audio/wav'}
[ISWEEP][CAPTIONS_TRANSCRIBE] stt state {'video_id': 'tQmEd_UeeIk', 'stt_enabled': True, 'model_name': 'base', 'model_initialized': True, 'model_init_error': None}
[ISWEEP][CAPTIONS_TRANSCRIBE] audio diagnostics {'video_id': 'tQmEd_UeeIk', 'wav_bytes': 72236, 'sample_rate': 16000, 'duration_seconds': 2.256, 'rms': 0.0, 'peak': 0.0, 'wav_parse_ok': True}
[ISWEEP][CAPTIONS_TRANSCRIBE] hotword hints {'video_id': 'tQmEd_UeeIk', 'count': 0, 'preview': []}
[ISWEEP][AUDIO_STT] chunk received {'video_id': 'tQmEd_UeeIk', 'start_seconds': 136.39200000000002, 'end_seconds': 138.64800000000002, 'mime_type': 'audio/wav'}
[ISWEEP][AUDIO_DEBUG] received audio bytes: 72236
[ISWEEP][AUDIO_STT] whisper started {'video_id': 'tQmEd_UeeIk', 'model': 'base'}
[ISWEEP][CAPTIONS_TRANSCRIBE] transcription output {'video_id': 'tQmEd_UeeIk', 'raw_text_preview': '', 'clean_text_preview': '', 'word_timestamp_count': 0, 'dedup_word_timestamp_count': 0, 'is_partial': False, 'stable_text_preview': '', 'failure_reason': None}
[ISWEEP][STT_SESSION] silence response emitted {'tab_id': 124035955, 'video_id': 'tQmEd_UeeIk', 'session_id': '124035955:tQmEd_UeeIk:1787878149450:nvsc63', 'chunk_id': '124035955:tQmEd_UeeIk:1787878149450:nvsc63:109', 'sequence_number': 109, 'audio_window_start_ms': 136392, 'audio_window_end_ms': 138648, 'vad_state': None, 'stt_status': 'silent_audio', 'text_length': 0, 'word_count': 0}
[ISWEEP][CAPTIONS_TRANSCRIBE] text returned {'video_id': 'tQmEd_UeeIk', 'source': 'silence', 'text': '', 'confidence': 0.0}
[ISWEEP][CAPTIONS_TRANSCRIBE] request received {'video_id': 'tQmEd_UeeIk', 'start_seconds': 137.64800000000002, 'end_seconds': 139.90400000000002, 'mime_type': 'audio/wav'}
[ISWEEP][CAPTIONS_TRANSCRIBE] stt state {'video_id': 'tQmEd_UeeIk', 'stt_enabled': True, 'model_name': 'base', 'model_initialized': True, 'model_init_error': None}
[ISWEEP][CAPTIONS_TRANSCRIBE] audio diagnostics {'video_id': 'tQmEd_UeeIk', 'wav_bytes': 72236, 'sample_rate': 16000, 'duration_seconds': 2.256, 'rms': 0.0, 'peak': 0.0, 'wav_parse_ok': True}
[ISWEEP][CAPTIONS_TRANSCRIBE] hotword hints {'video_id': 'tQmEd_UeeIk', 'count': 0, 'preview': []}
[ISWEEP][AUDIO_STT] chunk received {'video_id': 'tQmEd_UeeIk', 'start_seconds': 137.64800000000002, 'end_seconds': 139.90400000000002, 'mime_type': 'audio/wav'}
[ISWEEP][AUDIO_DEBUG] received audio bytes: 72236
[ISWEEP][AUDIO_STT] whisper started {'video_id': 'tQmEd_UeeIk', 'model': 'base'}
[ISWEEP][CAPTIONS_TRANSCRIBE] transcription output {'video_id': 'tQmEd_UeeIk', 'raw_text_preview': '', 'clean_text_preview': '', 'word_timestamp_count': 0, 'dedup_word_timestamp_count': 0, 'is_partial': False, 'stable_text_preview': '', 'failure_reason': None}
[ISWEEP][STT_SESSION] silence response emitted {'tab_id': 124035955, 'video_id': 'tQmEd_UeeIk', 'session_id': '124035955:tQmEd_UeeIk:1787878149450:nvsc63', 'chunk_id': '124035955:tQmEd_UeeIk:1787878149450:nvsc63:110', 'sequence_number': 110, 'audio_window_start_ms': 137648, 'audio_window_end_ms': 139904, 'vad_state': None, 'stt_status': 'silent_audio', 'text_length': 0, 'word_count': 0}
[ISWEEP][CAPTIONS_TRANSCRIBE] text returned {'video_id': 'tQmEd_UeeIk', 'source': 'silence', 'text': '', 'confidence': 0.0}
[ISWEEP][CAPTIONS_TRANSCRIBE] request received {'video_id': 'tQmEd_UeeIk', 'start_seconds': 138.90400000000002, 'end_seconds': 141.16000000000003, 'mime_type': 'audio/wav'}
[ISWEEP][CAPTIONS_TRANSCRIBE] stt state {'video_id': 'tQmEd_UeeIk', 'stt_enabled': True, 'model_name': 'base', 'model_initialized': True, 'model_init_error': None}
[ISWEEP][CAPTIONS_TRANSCRIBE] audio diagnostics {'video_id': 'tQmEd_UeeIk', 'wav_bytes': 72236, 'sample_rate': 16000, 'duration_seconds': 2.256, 'rms': 0.0, 'peak': 0.0, 'wav_parse_ok': True}
[ISWEEP][CAPTIONS_TRANSCRIBE] hotword hints {'video_id': 'tQmEd_UeeIk', 'count': 0, 'preview': []}
[ISWEEP][AUDIO_STT] chunk received {'video_id': 'tQmEd_UeeIk', 'start_seconds': 138.90400000000002, 'end_seconds': 141.16000000000003, 'mime_type': 'audio/wav'}
[ISWEEP][AUDIO_DEBUG] received audio bytes: 72236
[ISWEEP][AUDIO_STT] whisper started {'video_id': 'tQmEd_UeeIk', 'model': 'base'}
[ISWEEP][CAPTIONS_TRANSCRIBE] transcription output {'video_id': 'tQmEd_UeeIk', 'raw_text_preview': '', 'clean_text_preview': '', 'word_timestamp_count': 0, 'dedup_word_timestamp_count': 0, 'is_partial': False, 'stable_text_preview': '', 'failure_reason': None}
[ISWEEP][STT_SESSION] silence response emitted {'tab_id': 124035955, 'video_id': 'tQmEd_UeeIk', 'session_id': '124035955:tQmEd_UeeIk:1787878149450:nvsc63', 'chunk_id': '124035955:tQmEd_UeeIk:1787878149450:nvsc63:111', 'sequence_number': 111, 'audio_window_start_ms': 138904, 'audio_window_end_ms': 141160, 'vad_state': None, 'stt_status': 'silent_audio', 'text_length': 0, 'word_count': 0}
[ISWEEP][CAPTIONS_TRANSCRIBE] text returned {'video_id': 'tQmEd_UeeIk', 'source': 'silence', 'text': '', 'confidence': 0.0}
[ISWEEP][CAPTIONS_TRANSCRIBE] request received {'video_id': 'tQmEd_UeeIk', 'start_seconds': 140.16000000000003, 'end_seconds': 142.41600000000003, 'mime_type': 'audio/wav'}
[ISWEEP][CAPTIONS_TRANSCRIBE] stt state {'video_id': 'tQmEd_UeeIk', 'stt_enabled': True, 'model_name': 'base', 'model_initialized': True, 'model_init_error': None}
[ISWEEP][CAPTIONS_TRANSCRIBE] audio diagnostics {'video_id': 'tQmEd_UeeIk', 'wav_bytes': 72236, 'sample_rate': 16000, 'duration_seconds': 2.256, 'rms': 0.0, 'peak': 0.0, 'wav_parse_ok': True}
[ISWEEP][CAPTIONS_TRANSCRIBE] hotword hints {'video_id': 'tQmEd_UeeIk', 'count': 0, 'preview': []}
[ISWEEP][AUDIO_STT] chunk received {'video_id': 'tQmEd_UeeIk', 'start_seconds': 140.16000000000003, 'end_seconds': 142.41600000000003, 'mime_type': 'audio/wav'}
[ISWEEP][AUDIO_DEBUG] received audio bytes: 72236
[ISWEEP][AUDIO_STT] whisper started {'video_id': 'tQmEd_UeeIk', 'model': 'base'}
[ISWEEP][CAPTIONS_TRANSCRIBE] transcription output {'video_id': 'tQmEd_UeeIk', 'raw_text_preview': '', 'clean_text_preview': '', 'word_timestamp_count': 0, 'dedup_word_timestamp_count': 0, 'is_partial': False, 'stable_text_preview': '', 'failure_reason': None}
[ISWEEP][STT_SESSION] silence response emitted {'tab_id': 124035955, 'video_id': 'tQmEd_UeeIk', 'session_id': '124035955:tQmEd_UeeIk:1787878149450:nvsc63', 'chunk_id': '124035955:tQmEd_UeeIk:1787878149450:nvsc63:112', 'sequence_number': 112, 'audio_window_start_ms': 140160, 'audio_window_end_ms': 142416, 'vad_state': None, 'stt_status': 'silent_audio', 'text_length': 0, 'word_count': 0}
[ISWEEP][CAPTIONS_TRANSCRIBE] text returned {'video_id': 'tQmEd_UeeIk', 'source': 'silence', 'text': '', 'confidence': 0.0}
[ISWEEP][CAPTIONS_TRANSCRIBE] request received {'video_id': 'tQmEd_UeeIk', 'start_seconds': 141.41600000000003, 'end_seconds': 143.67200000000003, 'mime_type': 'audio/wav'}
[ISWEEP][CAPTIONS_TRANSCRIBE] stt state {'video_id': 'tQmEd_UeeIk', 'stt_enabled': True, 'model_name': 'base', 'model_initialized': True, 'model_init_error': None}
[ISWEEP][CAPTIONS_TRANSCRIBE] audio diagnostics {'video_id': 'tQmEd_UeeIk', 'wav_bytes': 72236, 'sample_rate': 16000, 'duration_seconds': 2.256, 'rms': 0.0, 'peak': 0.0, 'wav_parse_ok': True}
[ISWEEP][CAPTIONS_TRANSCRIBE] hotword hints {'video_id': 'tQmEd_UeeIk', 'count': 0, 'preview': []}
[ISWEEP][AUDIO_STT] chunk received {'video_id': 'tQmEd_UeeIk', 'start_seconds': 141.41600000000003, 'end_seconds': 143.67200000000003, 'mime_type': 'audio/wav'}
[ISWEEP][AUDIO_DEBUG] received audio bytes: 72236
[ISWEEP][AUDIO_STT] whisper started {'video_id': 'tQmEd_UeeIk', 'model': 'base'}
[ISWEEP][CAPTIONS_TRANSCRIBE] transcription output {'video_id': 'tQmEd_UeeIk', 'raw_text_preview': '', 'clean_text_preview': '', 'word_timestamp_count': 0, 'dedup_word_timestamp_count': 0, 'is_partial': False, 'stable_text_preview': '', 'failure_reason': None}
[ISWEEP][STT_SESSION] silence response emitted {'tab_id': 124035955, 'video_id': 'tQmEd_UeeIk', 'session_id': '124035955:tQmEd_UeeIk:1787878149450:nvsc63', 'chunk_id': '124035955:tQmEd_UeeIk:1787878149450:nvsc63:113', 'sequence_number': 113, 'audio_window_start_ms': 141416, 'audio_window_end_ms': 143672, 'vad_state': None, 'stt_status': 'silent_audio', 'text_length': 0, 'word_count': 0}
[ISWEEP][CAPTIONS_TRANSCRIBE] text returned {'video_id': 'tQmEd_UeeIk', 'source': 'silence', 'text': '', 'confidence': 0.0}
[ISWEEP][CAPTIONS_TRANSCRIBE] request received {'video_id': 'tQmEd_UeeIk', 'start_seconds': 142.67200000000003, 'end_seconds': 144.92800000000003, 'mime_type': 'audio/wav'}
[ISWEEP][CAPTIONS_TRANSCRIBE] stt state {'video_id': 'tQmEd_UeeIk', 'stt_enabled': True, 'model_name': 'base', 'model_initialized': True, 'model_init_error': None}
[ISWEEP][CAPTIONS_TRANSCRIBE] audio diagnostics {'video_id': 'tQmEd_UeeIk', 'wav_bytes': 72236, 'sample_rate': 16000, 'duration_seconds': 2.256, 'rms': 0.0, 'peak': 0.0, 'wav_parse_ok': True}
[ISWEEP][CAPTIONS_TRANSCRIBE] hotword hints {'video_id': 'tQmEd_UeeIk', 'count': 0, 'preview': []}
[ISWEEP][AUDIO_STT] chunk received {'video_id': 'tQmEd_UeeIk', 'start_seconds': 142.67200000000003, 'end_seconds': 144.92800000000003, 'mime_type': 'audio/wav'}
[ISWEEP][AUDIO_DEBUG] received audio bytes: 72236
[ISWEEP][AUDIO_STT] whisper started {'video_id': 'tQmEd_UeeIk', 'model': 'base'}
[ISWEEP][CAPTIONS_TRANSCRIBE] transcription output {'video_id': 'tQmEd_UeeIk', 'raw_text_preview': '', 'clean_text_preview': '', 'word_timestamp_count': 0, 'dedup_word_timestamp_count': 0, 'is_partial': False, 'stable_text_preview': '', 'failure_reason': None}
[ISWEEP][STT_SESSION] silence response emitted {'tab_id': 124035955, 'video_id': 'tQmEd_UeeIk', 'session_id': '124035955:tQmEd_UeeIk:1787878149450:nvsc63', 'chunk_id': '124035955:tQmEd_UeeIk:1787878149450:nvsc63:114', 'sequence_number': 114, 'audio_window_start_ms': 142672, 'audio_window_end_ms': 144928, 'vad_state': None, 'stt_status': 'silent_audio', 'text_length': 0, 'word_count': 0}
[ISWEEP][CAPTIONS_TRANSCRIBE] text returned {'video_id': 'tQmEd_UeeIk', 'source': 'silence', 'text': '', 'confidence': 0.0}
[ISWEEP][CAPTIONS_TRANSCRIBE] request received {'video_id': 'tQmEd_UeeIk', 'start_seconds': 143.92800000000003, 'end_seconds': 146.18400000000003, 'mime_type': 'audio/wav'}
[ISWEEP][CAPTIONS_TRANSCRIBE] stt state {'video_id': 'tQmEd_UeeIk', 'stt_enabled': True, 'model_name': 'base', 'model_initialized': True, 'model_init_error': None}
[ISWEEP][CAPTIONS_TRANSCRIBE] audio diagnostics {'video_id': 'tQmEd_UeeIk', 'wav_bytes': 72236, 'sample_rate': 16000, 'duration_seconds': 2.256, 'rms': 0.0, 'peak': 0.0, 'wav_parse_ok': True}
[ISWEEP][CAPTIONS_TRANSCRIBE] hotword hints {'video_id': 'tQmEd_UeeIk', 'count': 0, 'preview': []}
[ISWEEP][AUDIO_STT] chunk received {'video_id': 'tQmEd_UeeIk', 'start_seconds': 143.92800000000003, 'end_seconds': 146.18400000000003, 'mime_type': 'audio/wav'}
[ISWEEP][AUDIO_DEBUG] received audio bytes: 72236
[ISWEEP][AUDIO_STT] whisper started {'video_id': 'tQmEd_UeeIk', 'model': 'base'}
[ISWEEP][CAPTIONS_TRANSCRIBE] transcription output {'video_id': 'tQmEd_UeeIk', 'raw_text_preview': '', 'clean_text_preview': '', 'word_timestamp_count': 0, 'dedup_word_timestamp_count': 0, 'is_partial': False, 'stable_text_preview': '', 'failure_reason': None}
[ISWEEP][STT_SESSION] silence response emitted {'tab_id': 124035955, 'video_id': 'tQmEd_UeeIk', 'session_id': '124035955:tQmEd_UeeIk:1787878149450:nvsc63', 'chunk_id': '124035955:tQmEd_UeeIk:1787878149450:nvsc63:115', 'sequence_number': 115, 'audio_window_start_ms': 143928, 'audio_window_end_ms': 146184, 'vad_state': None, 'stt_status': 'silent_audio', 'text_length': 0, 'word_count': 0}
[ISWEEP][CAPTIONS_TRANSCRIBE] text returned {'video_id': 'tQmEd_UeeIk', 'source': 'silence', 'text': '', 'confidence': 0.0}
[ISWEEP][CAPTIONS_TRANSCRIBE] request received {'video_id': 'tQmEd_UeeIk', 'start_seconds': 145.18400000000003, 'end_seconds': 147.44000000000003, 'mime_type': 'audio/wav'}
[ISWEEP][CAPTIONS_TRANSCRIBE] stt state {'video_id': 'tQmEd_UeeIk', 'stt_enabled': True, 'model_name': 'base', 'model_initialized': True, 'model_init_error': None}
[ISWEEP][CAPTIONS_TRANSCRIBE] audio diagnostics {'video_id': 'tQmEd_UeeIk', 'wav_bytes': 72236, 'sample_rate': 16000, 'duration_seconds': 2.256, 'rms': 0.0, 'peak': 0.0, 'wav_parse_ok': True}
[ISWEEP][CAPTIONS_TRANSCRIBE] hotword hints {'video_id': 'tQmEd_UeeIk', 'count': 0, 'preview': []}
[ISWEEP][AUDIO_STT] chunk received {'video_id': 'tQmEd_UeeIk', 'start_seconds': 145.18400000000003, 'end_seconds': 147.44000000000003, 'mime_type': 'audio/wav'}
[ISWEEP][AUDIO_DEBUG] received audio bytes: 72236
[ISWEEP][AUDIO_STT] whisper started {'video_id': 'tQmEd_UeeIk', 'model': 'base'}
[ISWEEP][CAPTIONS_TRANSCRIBE] transcription output {'video_id': 'tQmEd_UeeIk', 'raw_text_preview': '', 'clean_text_preview': '', 'word_timestamp_count': 0, 'dedup_word_timestamp_count': 0, 'is_partial': False, 'stable_text_preview': '', 'failure_reason': None}
[ISWEEP][STT_SESSION] silence response emitted {'tab_id': 124035955, 'video_id': 'tQmEd_UeeIk', 'session_id': '124035955:tQmEd_UeeIk:1787878149450:nvsc63', 'chunk_id': '124035955:tQmEd_UeeIk:1787878149450:nvsc63:116', 'sequence_number': 116, 'audio_window_start_ms': 145184, 'audio_window_end_ms': 147440, 'vad_state': None, 'stt_status': 'silent_audio', 'text_length': 0, 'word_count': 0}
[ISWEEP][CAPTIONS_TRANSCRIBE] text returned {'video_id': 'tQmEd_UeeIk', 'source': 'silence', 'text': '', 'confidence': 0.0}
[ISWEEP][CAPTIONS_TRANSCRIBE] request received {'video_id': 'tQmEd_UeeIk', 'start_seconds': 147.69600000000003, 'end_seconds': 149.95200000000003, 'mime_type': 'audio/wav'}
[ISWEEP][CAPTIONS_TRANSCRIBE] stt state {'video_id': 'tQmEd_UeeIk', 'stt_enabled': True, 'model_name': 'base', 'model_initialized': True, 'model_init_error': None}
[ISWEEP][CAPTIONS_TRANSCRIBE] audio diagnostics {'video_id': 'tQmEd_UeeIk', 'wav_bytes': 72236, 'sample_rate': 16000, 'duration_seconds': 2.256, 'rms': 0.0, 'peak': 0.0, 'wav_parse_ok': True}
[ISWEEP][CAPTIONS_TRANSCRIBE] hotword hints {'video_id': 'tQmEd_UeeIk', 'count': 0, 'preview': []}
[ISWEEP][AUDIO_STT] chunk received {'video_id': 'tQmEd_UeeIk', 'start_seconds': 147.69600000000003, 'end_seconds': 149.95200000000003, 'mime_type': 'audio/wav'}
[ISWEEP][AUDIO_DEBUG] received audio bytes: 72236
[ISWEEP][AUDIO_STT] whisper started {'video_id': 'tQmEd_UeeIk', 'model': 'base'}
[ISWEEP][CAPTIONS_TRANSCRIBE] transcription output {'video_id': 'tQmEd_UeeIk', 'raw_text_preview': '', 'clean_text_preview': '', 'word_timestamp_count': 0, 'dedup_word_timestamp_count': 0, 'is_partial': False, 'stable_text_preview': '', 'failure_reason': None}
[ISWEEP][STT_SESSION] silence response emitted {'tab_id': 124035955, 'video_id': 'tQmEd_UeeIk', 'session_id': '124035955:tQmEd_UeeIk:1787878149450:nvsc63', 'chunk_id': '124035955:tQmEd_UeeIk:1787878149450:nvsc63:118', 'sequence_number': 118, 'audio_window_start_ms': 147696, 'audio_window_end_ms': 149952, 'vad_state': None, 'stt_status': 'silent_audio', 'text_length': 0, 'word_count': 0}
[ISWEEP][CAPTIONS_TRANSCRIBE] text returned {'video_id': 'tQmEd_UeeIk', 'source': 'silence', 'text': '', 'confidence': 0.0}
[ISWEEP][CAPTIONS_TRANSCRIBE] request received {'video_id': 'tQmEd_UeeIk', 'start_seconds': 150.20800000000003, 'end_seconds': 152.46400000000003, 'mime_type': 'audio/wav'}
[ISWEEP][CAPTIONS_TRANSCRIBE] stt state {'video_id': 'tQmEd_UeeIk', 'stt_enabled': True, 'model_name': 'base', 'model_initialized': True, 'model_init_error': None}
[ISWEEP][CAPTIONS_TRANSCRIBE] audio diagnostics {'video_id': 'tQmEd_UeeIk', 'wav_bytes': 72236, 'sample_rate': 16000, 'duration_seconds': 2.256, 'rms': 0.0, 'peak': 0.0, 'wav_parse_ok': True}
[ISWEEP][CAPTIONS_TRANSCRIBE] hotword hints {'video_id': 'tQmEd_UeeIk', 'count': 0, 'preview': []}
[ISWEEP][AUDIO_STT] chunk received {'video_id': 'tQmEd_UeeIk', 'start_seconds': 150.20800000000003, 'end_seconds': 152.46400000000003, 'mime_type': 'audio/wav'}
[ISWEEP][AUDIO_DEBUG] received audio bytes: 72236
[ISWEEP][AUDIO_STT] whisper started {'video_id': 'tQmEd_UeeIk', 'model': 'base'}
[ISWEEP][CAPTIONS_TRANSCRIBE] transcription output {'video_id': 'tQmEd_UeeIk', 'raw_text_preview': '', 'clean_text_preview': '', 'word_timestamp_count': 0, 'dedup_word_timestamp_count': 0, 'is_partial': False, 'stable_text_preview': '', 'failure_reason': None}
[ISWEEP][STT_SESSION] silence response emitted {'tab_id': 124035955, 'video_id': 'tQmEd_UeeIk', 'session_id': '124035955:tQmEd_UeeIk:1787878149450:nvsc63', 'chunk_id': '124035955:tQmEd_UeeIk:1787878149450:nvsc63:120', 'sequence_number': 120, 'audio_window_start_ms': 150208, 'audio_window_end_ms': 152464, 'vad_state': None, 'stt_status': 'silent_audio', 'text_length': 0, 'word_count': 0}
[ISWEEP][CAPTIONS_TRANSCRIBE] text returned {'video_id': 'tQmEd_UeeIk', 'source': 'silence', 'text': '', 'confidence': 0.0}
[ISWEEP][CAPTIONS_TRANSCRIBE] request received {'video_id': 'tQmEd_UeeIk', 'start_seconds': 151.46400000000003, 'end_seconds': 153.72000000000003, 'mime_type': 'audio/wav'}
[ISWEEP][CAPTIONS_TRANSCRIBE] stt state {'video_id': 'tQmEd_UeeIk', 'stt_enabled': True, 'model_name': 'base', 'model_initialized': True, 'model_init_error': None}
[ISWEEP][CAPTIONS_TRANSCRIBE] audio diagnostics {'video_id': 'tQmEd_UeeIk', 'wav_bytes': 72236, 'sample_rate': 16000, 'duration_seconds': 2.256, 'rms': 0.0, 'peak': 0.0, 'wav_parse_ok': True}
[ISWEEP][CAPTIONS_TRANSCRIBE] hotword hints {'video_id': 'tQmEd_UeeIk', 'count': 0, 'preview': []}
[ISWEEP][AUDIO_STT] chunk received {'video_id': 'tQmEd_UeeIk', 'start_seconds': 151.46400000000003, 'end_seconds': 153.72000000000003, 'mime_type': 'audio/wav'}
[ISWEEP][AUDIO_DEBUG] received audio bytes: 72236
[ISWEEP][AUDIO_STT] whisper started {'video_id': 'tQmEd_UeeIk', 'model': 'base'}
[ISWEEP][CAPTIONS_TRANSCRIBE] transcription output {'video_id': 'tQmEd_UeeIk', 'raw_text_preview': '', 'clean_text_preview': '', 'word_timestamp_count': 0, 'dedup_word_timestamp_count': 0, 'is_partial': False, 'stable_text_preview': '', 'failure_reason': None}
[ISWEEP][STT_SESSION] silence response emitted {'tab_id': 124035955, 'video_id': 'tQmEd_UeeIk', 'session_id': '124035955:tQmEd_UeeIk:1787878149450:nvsc63', 'chunk_id': '124035955:tQmEd_UeeIk:1787878149450:nvsc63:121', 'sequence_number': 121, 'audio_window_start_ms': 151464, 'audio_window_end_ms': 153720, 'vad_state': None, 'stt_status': 'silent_audio', 'text_length': 0, 'word_count': 0}
[ISWEEP][CAPTIONS_TRANSCRIBE] text returned {'video_id': 'tQmEd_UeeIk', 'source': 'silence', 'text': '', 'confidence': 0.0}
[ISWEEP][CAPTIONS_TRANSCRIBE] request received {'video_id': 'tQmEd_UeeIk', 'start_seconds': 153.97600000000003, 'end_seconds': 156.23200000000003, 'mime_type': 'audio/wav'}
[ISWEEP][CAPTIONS_TRANSCRIBE] stt state {'video_id': 'tQmEd_UeeIk', 'stt_enabled': True, 'model_name': 'base', 'model_initialized': True, 'model_init_error': None}
[ISWEEP][CAPTIONS_TRANSCRIBE] audio diagnostics {'video_id': 'tQmEd_UeeIk', 'wav_bytes': 72236, 'sample_rate': 16000, 'duration_seconds': 2.256, 'rms': 0.0, 'peak': 0.0, 'wav_parse_ok': True}
[ISWEEP][CAPTIONS_TRANSCRIBE] hotword hints {'video_id': 'tQmEd_UeeIk', 'count': 0, 'preview': []}
[ISWEEP][AUDIO_STT] chunk received {'video_id': 'tQmEd_UeeIk', 'start_seconds': 153.97600000000003, 'end_seconds': 156.23200000000003, 'mime_type': 'audio/wav'}
[ISWEEP][AUDIO_DEBUG] received audio bytes: 72236
[ISWEEP][AUDIO_STT] whisper started {'video_id': 'tQmEd_UeeIk', 'model': 'base'}
[ISWEEP][CAPTIONS_TRANSCRIBE] transcription output {'video_id': 'tQmEd_UeeIk', 'raw_text_preview': '', 'clean_text_preview': '', 'word_timestamp_count': 0, 'dedup_word_timestamp_count': 0, 'is_partial': False, 'stable_text_preview': '', 'failure_reason': None}
[ISWEEP][STT_SESSION] silence response emitted {'tab_id': 124035955, 'video_id': 'tQmEd_UeeIk', 'session_id': '124035955:tQmEd_UeeIk:1787878149450:nvsc63', 'chunk_id': '124035955:tQmEd_UeeIk:1787878149450:nvsc63:123', 'sequence_number': 123, 'audio_window_start_ms': 153976, 'audio_window_end_ms': 156232, 'vad_state': None, 'stt_status': 'silent_audio', 'text_length': 0, 'word_count': 0}
[ISWEEP][CAPTIONS_TRANSCRIBE] text returned {'video_id': 'tQmEd_UeeIk', 'source': 'silence', 'text': '', 'confidence': 0.0}
[ISWEEP][CAPTIONS_TRANSCRIBE] request received {'video_id': 'tQmEd_UeeIk', 'start_seconds': 155.23200000000003, 'end_seconds': 157.48800000000003, 'mime_type': 'audio/wav'}
[ISWEEP][CAPTIONS_TRANSCRIBE] stt state {'video_id': 'tQmEd_UeeIk', 'stt_enabled': True, 'model_name': 'base', 'model_initialized': True, 'model_init_error': None}
[ISWEEP][CAPTIONS_TRANSCRIBE] audio diagnostics {'video_id': 'tQmEd_UeeIk', 'wav_bytes': 72236, 'sample_rate': 16000, 'duration_seconds': 2.256, 'rms': 0.0, 'peak': 0.0, 'wav_parse_ok': True}
[ISWEEP][CAPTIONS_TRANSCRIBE] hotword hints {'video_id': 'tQmEd_UeeIk', 'count': 0, 'preview': []}
[ISWEEP][AUDIO_STT] chunk received {'video_id': 'tQmEd_UeeIk', 'start_seconds': 155.23200000000003, 'end_seconds': 157.48800000000003, 'mime_type': 'audio/wav'}
[ISWEEP][AUDIO_DEBUG] received audio bytes: 72236
[ISWEEP][AUDIO_STT] whisper started {'video_id': 'tQmEd_UeeIk', 'model': 'base'}
[ISWEEP][CAPTIONS_TRANSCRIBE] transcription output {'video_id': 'tQmEd_UeeIk', 'raw_text_preview': '', 'clean_text_preview': '', 'word_timestamp_count': 0, 'dedup_word_timestamp_count': 0, 'is_partial': False, 'stable_text_preview': '', 'failure_reason': None}
[ISWEEP][STT_SESSION] silence response emitted {'tab_id': 124035955, 'video_id': 'tQmEd_UeeIk', 'session_id': '124035955:tQmEd_UeeIk:1787878149450:nvsc63', 'chunk_id': '124035955:tQmEd_UeeIk:1787878149450:nvsc63:124', 'sequence_number': 124, 'audio_window_start_ms': 155232, 'audio_window_end_ms': 157488, 'vad_state': None, 'stt_status': 'silent_audio', 'text_length': 0, 'word_count': 0}
[ISWEEP][CAPTIONS_TRANSCRIBE] text returned {'video_id': 'tQmEd_UeeIk', 'source': 'silence', 'text': '', 'confidence': 0.0}
[ISWEEP][CAPTIONS_TRANSCRIBE] request received {'video_id': 'tQmEd_UeeIk', 'start_seconds': 156.48800000000003, 'end_seconds': 158.74400000000003, 'mime_type': 'audio/wav'}
[ISWEEP][CAPTIONS_TRANSCRIBE] stt state {'video_id': 'tQmEd_UeeIk', 'stt_enabled': True, 'model_name': 'base', 'model_initialized': True, 'model_init_error': None}
[ISWEEP][CAPTIONS_TRANSCRIBE] audio diagnostics {'video_id': 'tQmEd_UeeIk', 'wav_bytes': 72236, 'sample_rate': 16000, 'duration_seconds': 2.256, 'rms': 0.0, 'peak': 0.0, 'wav_parse_ok': True}
[ISWEEP][CAPTIONS_TRANSCRIBE] hotword hints {'video_id': 'tQmEd_UeeIk', 'count': 0, 'preview': []}
[ISWEEP][AUDIO_STT] chunk received {'video_id': 'tQmEd_UeeIk', 'start_seconds': 156.48800000000003, 'end_seconds': 158.74400000000003, 'mime_type': 'audio/wav'}
[ISWEEP][AUDIO_DEBUG] received audio bytes: 72236
[ISWEEP][AUDIO_STT] whisper started {'video_id': 'tQmEd_UeeIk', 'model': 'base'}
[ISWEEP][CAPTIONS_TRANSCRIBE] transcription output {'video_id': 'tQmEd_UeeIk', 'raw_text_preview': '', 'clean_text_preview': '', 'word_timestamp_count': 0, 'dedup_word_timestamp_count': 0, 'is_partial': False, 'stable_text_preview': '', 'failure_reason': None}
[ISWEEP][STT_SESSION] silence response emitted {'tab_id': 124035955, 'video_id': 'tQmEd_UeeIk', 'session_id': '124035955:tQmEd_UeeIk:1787878149450:nvsc63', 'chunk_id': '124035955:tQmEd_UeeIk:1787878149450:nvsc63:125', 'sequence_number': 125, 'audio_window_start_ms': 156488, 'audio_window_end_ms': 158744, 'vad_state': None, 'stt_status': 'silent_audio', 'text_length': 0, 'word_count': 0}
[ISWEEP][CAPTIONS_TRANSCRIBE] text returned {'video_id': 'tQmEd_UeeIk', 'source': 'silence', 'text': '', 'confidence': 0.0}
[ISWEEP][CAPTIONS_TRANSCRIBE] request received {'video_id': 'tQmEd_UeeIk', 'start_seconds': 157.74400000000003, 'end_seconds': 160.00000000000003, 'mime_type': 'audio/wav'}
[ISWEEP][CAPTIONS_TRANSCRIBE] stt state {'video_id': 'tQmEd_UeeIk', 'stt_enabled': True, 'model_name': 'base', 'model_initialized': True, 'model_init_error': None}
[ISWEEP][CAPTIONS_TRANSCRIBE] audio diagnostics {'video_id': 'tQmEd_UeeIk', 'wav_bytes': 72236, 'sample_rate': 16000, 'duration_seconds': 2.256, 'rms': 0.0, 'peak': 0.0, 'wav_parse_ok': True}
[ISWEEP][CAPTIONS_TRANSCRIBE] hotword hints {'video_id': 'tQmEd_UeeIk', 'count': 0, 'preview': []}
[ISWEEP][AUDIO_STT] chunk received {'video_id': 'tQmEd_UeeIk', 'start_seconds': 157.74400000000003, 'end_seconds': 160.00000000000003, 'mime_type': 'audio/wav'}
[ISWEEP][AUDIO_DEBUG] received audio bytes: 72236
[ISWEEP][AUDIO_STT] whisper started {'video_id': 'tQmEd_UeeIk', 'model': 'base'}
[ISWEEP][CAPTIONS_TRANSCRIBE] transcription output {'video_id': 'tQmEd_UeeIk', 'raw_text_preview': '', 'clean_text_preview': '', 'word_timestamp_count': 0, 'dedup_word_timestamp_count': 0, 'is_partial': False, 'stable_text_preview': '', 'failure_reason': None}
[ISWEEP][STT_SESSION] silence response emitted {'tab_id': 124035955, 'video_id': 'tQmEd_UeeIk', 'session_id': '124035955:tQmEd_UeeIk:1787878149450:nvsc63', 'chunk_id': '124035955:tQmEd_UeeIk:1787878149450:nvsc63:126', 'sequence_number': 126, 'audio_window_start_ms': 157744, 'audio_window_end_ms': 160000, 'vad_state': None, 'stt_status': 'silent_audio', 'text_length': 0, 'word_count': 0}
[ISWEEP][CAPTIONS_TRANSCRIBE] text returned {'video_id': 'tQmEd_UeeIk', 'source': 'silence', 'text': '', 'confidence': 0.0}
[ISWEEP][CAPTIONS_TRANSCRIBE] request received {'video_id': 'tQmEd_UeeIk', 'start_seconds': 159.00000000000003, 'end_seconds': 161.25600000000003, 'mime_type': 'audio/wav'}
[ISWEEP][CAPTIONS_TRANSCRIBE] stt state {'video_id': 'tQmEd_UeeIk', 'stt_enabled': True, 'model_name': 'base', 'model_initialized': True, 'model_init_error': None}
[ISWEEP][CAPTIONS_TRANSCRIBE] audio diagnostics {'video_id': 'tQmEd_UeeIk', 'wav_bytes': 72236, 'sample_rate': 16000, 'duration_seconds': 2.256, 'rms': 0.0, 'peak': 0.0, 'wav_parse_ok': True}
[ISWEEP][CAPTIONS_TRANSCRIBE] hotword hints {'video_id': 'tQmEd_UeeIk', 'count': 0, 'preview': []}
[ISWEEP][AUDIO_STT] chunk received {'video_id': 'tQmEd_UeeIk', 'start_seconds': 159.00000000000003, 'end_seconds': 161.25600000000003, 'mime_type': 'audio/wav'}
[ISWEEP][AUDIO_DEBUG] received audio bytes: 72236
[ISWEEP][AUDIO_STT] whisper started {'video_id': 'tQmEd_UeeIk', 'model': 'base'}
[ISWEEP][CAPTIONS_TRANSCRIBE] transcription output {'video_id': 'tQmEd_UeeIk', 'raw_text_preview': '', 'clean_text_preview': '', 'word_timestamp_count': 0, 'dedup_word_timestamp_count': 0, 'is_partial': False, 'stable_text_preview': '', 'failure_reason': None}
[ISWEEP][STT_SESSION] silence response emitted {'tab_id': 124035955, 'video_id': 'tQmEd_UeeIk', 'session_id': '124035955:tQmEd_UeeIk:1787878149450:nvsc63', 'chunk_id': '124035955:tQmEd_UeeIk:1787878149450:nvsc63:127', 'sequence_number': 127, 'audio_window_start_ms': 159000, 'audio_window_end_ms': 161256, 'vad_state': None, 'stt_status': 'silent_audio', 'text_length': 0, 'word_count': 0}
[ISWEEP][CAPTIONS_TRANSCRIBE] text returned {'video_id': 'tQmEd_UeeIk', 'source': 'silence', 'text': '', 'confidence': 0.0}
[ISWEEP][CAPTIONS_TRANSCRIBE] request received {'video_id': 'tQmEd_UeeIk', 'start_seconds': 160.25600000000003, 'end_seconds': 162.51200000000003, 'mime_type': 'audio/wav'}
[ISWEEP][CAPTIONS_TRANSCRIBE] stt state {'video_id': 'tQmEd_UeeIk', 'stt_enabled': True, 'model_name': 'base', 'model_initialized': True, 'model_init_error': None}
[ISWEEP][CAPTIONS_TRANSCRIBE] audio diagnostics {'video_id': 'tQmEd_UeeIk', 'wav_bytes': 72236, 'sample_rate': 16000, 'duration_seconds': 2.256, 'rms': 0.0, 'peak': 0.0, 'wav_parse_ok': True}
[ISWEEP][CAPTIONS_TRANSCRIBE] hotword hints {'video_id': 'tQmEd_UeeIk', 'count': 0, 'preview': []}
[ISWEEP][AUDIO_STT] chunk received {'video_id': 'tQmEd_UeeIk', 'start_seconds': 160.25600000000003, 'end_seconds': 162.51200000000003, 'mime_type': 'audio/wav'}
[ISWEEP][AUDIO_DEBUG] received audio bytes: 72236
[ISWEEP][AUDIO_STT] whisper started {'video_id': 'tQmEd_UeeIk', 'model': 'base'}
[ISWEEP][CAPTIONS_TRANSCRIBE] transcription output {'video_id': 'tQmEd_UeeIk', 'raw_text_preview': '', 'clean_text_preview': '', 'word_timestamp_count': 0, 'dedup_word_timestamp_count': 0, 'is_partial': False, 'stable_text_preview': '', 'failure_reason': None}
[ISWEEP][STT_SESSION] silence response emitted {'tab_id': 124035955, 'video_id': 'tQmEd_UeeIk', 'session_id': '124035955:tQmEd_UeeIk:1787878149450:nvsc63', 'chunk_id': '124035955:tQmEd_UeeIk:1787878149450:nvsc63:128', 'sequence_number': 128, 'audio_window_start_ms': 160256, 'audio_window_end_ms': 162512, 'vad_state': None, 'stt_status': 'silent_audio', 'text_length': 0, 'word_count': 0}
[ISWEEP][CAPTIONS_TRANSCRIBE] text returned {'video_id': 'tQmEd_UeeIk', 'source': 'silence', 'text': '', 'confidence': 0.0}
[ISWEEP][CAPTIONS_TRANSCRIBE] request received {'video_id': 'tQmEd_UeeIk', 'start_seconds': 162.76800000000003, 'end_seconds': 165.02400000000003, 'mime_type': 'audio/wav'}
[ISWEEP][CAPTIONS_TRANSCRIBE] stt state {'video_id': 'tQmEd_UeeIk', 'stt_enabled': True, 'model_name': 'base', 'model_initialized': True, 'model_init_error': None}
[ISWEEP][CAPTIONS_TRANSCRIBE] audio diagnostics {'video_id': 'tQmEd_UeeIk', 'wav_bytes': 72236, 'sample_rate': 16000, 'duration_seconds': 2.256, 'rms': 0.0, 'peak': 0.0, 'wav_parse_ok': True}
[ISWEEP][CAPTIONS_TRANSCRIBE] hotword hints {'video_id': 'tQmEd_UeeIk', 'count': 0, 'preview': []}
[ISWEEP][AUDIO_STT] chunk received {'video_id': 'tQmEd_UeeIk', 'start_seconds': 162.76800000000003, 'end_seconds': 165.02400000000003, 'mime_type': 'audio/wav'}
[ISWEEP][AUDIO_DEBUG] received audio bytes: 72236
[ISWEEP][AUDIO_STT] whisper started {'video_id': 'tQmEd_UeeIk', 'model': 'base'}
[ISWEEP][CAPTIONS_TRANSCRIBE] transcription output {'video_id': 'tQmEd_UeeIk', 'raw_text_preview': '', 'clean_text_preview': '', 'word_timestamp_count': 0, 'dedup_word_timestamp_count': 0, 'is_partial': False, 'stable_text_preview': '', 'failure_reason': None}
[ISWEEP][STT_SESSION] silence response emitted {'tab_id': 124035955, 'video_id': 'tQmEd_UeeIk', 'session_id': '124035955:tQmEd_UeeIk:1787878149450:nvsc63', 'chunk_id': '124035955:tQmEd_UeeIk:1787878149450:nvsc63:130', 'sequence_number': 130, 'audio_window_start_ms': 162768, 'audio_window_end_ms': 165024, 'vad_state': None, 'stt_status': 'silent_audio', 'text_length': 0, 'word_count': 0}
[ISWEEP][CAPTIONS_TRANSCRIBE] text returned {'video_id': 'tQmEd_UeeIk', 'source': 'silence', 'text': '', 'confidence': 0.0}
[ISWEEP][CAPTIONS_TRANSCRIBE] request received {'video_id': 'tQmEd_UeeIk', 'start_seconds': 164.02400000000003, 'end_seconds': 166.28000000000003, 'mime_type': 'audio/wav'}
[ISWEEP][CAPTIONS_TRANSCRIBE] stt state {'video_id': 'tQmEd_UeeIk', 'stt_enabled': True, 'model_name': 'base', 'model_initialized': True, 'model_init_error': None}
[ISWEEP][CAPTIONS_TRANSCRIBE] audio diagnostics {'video_id': 'tQmEd_UeeIk', 'wav_bytes': 72236, 'sample_rate': 16000, 'duration_seconds': 2.256, 'rms': 0.0, 'peak': 0.0, 'wav_parse_ok': True}
[ISWEEP][CAPTIONS_TRANSCRIBE] hotword hints {'video_id': 'tQmEd_UeeIk', 'count': 0, 'preview': []}
[ISWEEP][AUDIO_STT] chunk received {'video_id': 'tQmEd_UeeIk', 'start_seconds': 164.02400000000003, 'end_seconds': 166.28000000000003, 'mime_type': 'audio/wav'}
[ISWEEP][AUDIO_DEBUG] received audio bytes: 72236
[ISWEEP][AUDIO_STT] whisper started {'video_id': 'tQmEd_UeeIk', 'model': 'base'}
[ISWEEP][CAPTIONS_TRANSCRIBE] transcription output {'video_id': 'tQmEd_UeeIk', 'raw_text_preview': '', 'clean_text_preview': '', 'word_timestamp_count': 0, 'dedup_word_timestamp_count': 0, 'is_partial': False, 'stable_text_preview': '', 'failure_reason': None}
[ISWEEP][STT_SESSION] silence response emitted {'tab_id': 124035955, 'video_id': 'tQmEd_UeeIk', 'session_id': '124035955:tQmEd_UeeIk:1787878149450:nvsc63', 'chunk_id': '124035955:tQmEd_UeeIk:1787878149450:nvsc63:131', 'sequence_number': 131, 'audio_window_start_ms': 164024, 'audio_window_end_ms': 166280, 'vad_state': None, 'stt_status': 'silent_audio', 'text_length': 0, 'word_count': 0}
[ISWEEP][CAPTIONS_TRANSCRIBE] text returned {'video_id': 'tQmEd_UeeIk', 'source': 'silence', 'text': '', 'confidence': 0.0}
[ISWEEP][CAPTIONS_TRANSCRIBE] request received {'video_id': 'tQmEd_UeeIk', 'start_seconds': 165.28000000000003, 'end_seconds': 167.53600000000003, 'mime_type': 'audio/wav'}
[ISWEEP][CAPTIONS_TRANSCRIBE] stt state {'video_id': 'tQmEd_UeeIk', 'stt_enabled': True, 'model_name': 'base', 'model_initialized': True, 'model_init_error': None}
[ISWEEP][CAPTIONS_TRANSCRIBE] audio diagnostics {'video_id': 'tQmEd_UeeIk', 'wav_bytes': 72236, 'sample_rate': 16000, 'duration_seconds': 2.256, 'rms': 0.0, 'peak': 0.0, 'wav_parse_ok': True}
[ISWEEP][CAPTIONS_TRANSCRIBE] hotword hints {'video_id': 'tQmEd_UeeIk', 'count': 0, 'preview': []}
[ISWEEP][AUDIO_STT] chunk received {'video_id': 'tQmEd_UeeIk', 'start_seconds': 165.28000000000003, 'end_seconds': 167.53600000000003, 'mime_type': 'audio/wav'}
[ISWEEP][AUDIO_DEBUG] received audio bytes: 72236
[ISWEEP][AUDIO_STT] whisper started {'video_id': 'tQmEd_UeeIk', 'model': 'base'}
[ISWEEP][CAPTIONS_TRANSCRIBE] transcription output {'video_id': 'tQmEd_UeeIk', 'raw_text_preview': '', 'clean_text_preview': '', 'word_timestamp_count': 0, 'dedup_word_timestamp_count': 0, 'is_partial': False, 'stable_text_preview': '', 'failure_reason': None}
[ISWEEP][STT_SESSION] silence response emitted {'tab_id': 124035955, 'video_id': 'tQmEd_UeeIk', 'session_id': '124035955:tQmEd_UeeIk:1787878149450:nvsc63', 'chunk_id': '124035955:tQmEd_UeeIk:1787878149450:nvsc63:132', 'sequence_number': 132, 'audio_window_start_ms': 165280, 'audio_window_end_ms': 167536, 'vad_state': None, 'stt_status': 'silent_audio', 'text_length': 0, 'word_count': 0}
[ISWEEP][CAPTIONS_TRANSCRIBE] text returned {'video_id': 'tQmEd_UeeIk', 'source': 'silence', 'text': '', 'confidence': 0.0}
[ISWEEP][CAPTIONS_TRANSCRIBE] request received {'video_id': 'tQmEd_UeeIk', 'start_seconds': 166.53600000000003, 'end_seconds': 168.79200000000003, 'mime_type': 'audio/wav'}
[ISWEEP][CAPTIONS_TRANSCRIBE] stt state {'video_id': 'tQmEd_UeeIk', 'stt_enabled': True, 'model_name': 'base', 'model_initialized': True, 'model_init_error': None}
[ISWEEP][CAPTIONS_TRANSCRIBE] audio diagnostics {'video_id': 'tQmEd_UeeIk', 'wav_bytes': 72236, 'sample_rate': 16000, 'duration_seconds': 2.256, 'rms': 0.0, 'peak': 0.0, 'wav_parse_ok': True}
[ISWEEP][CAPTIONS_TRANSCRIBE] hotword hints {'video_id': 'tQmEd_UeeIk', 'count': 0, 'preview': []}
[ISWEEP][AUDIO_STT] chunk received {'video_id': 'tQmEd_UeeIk', 'start_seconds': 166.53600000000003, 'end_seconds': 168.79200000000003, 'mime_type': 'audio/wav'}
[ISWEEP][AUDIO_DEBUG] received audio bytes: 72236
[ISWEEP][AUDIO_STT] whisper started {'video_id': 'tQmEd_UeeIk', 'model': 'base'}
[ISWEEP][CAPTIONS_TRANSCRIBE] transcription output {'video_id': 'tQmEd_UeeIk', 'raw_text_preview': '', 'clean_text_preview': '', 'word_timestamp_count': 0, 'dedup_word_timestamp_count': 0, 'is_partial': False, 'stable_text_preview': '', 'failure_reason': None}
[ISWEEP][STT_SESSION] silence response emitted {'tab_id': 124035955, 'video_id': 'tQmEd_UeeIk', 'session_id': '124035955:tQmEd_UeeIk:1787878149450:nvsc63', 'chunk_id': '124035955:tQmEd_UeeIk:1787878149450:nvsc63:133', 'sequence_number': 133, 'audio_window_start_ms': 166536, 'audio_window_end_ms': 168792, 'vad_state': None, 'stt_status': 'silent_audio', 'text_length': 0, 'word_count': 0}
[ISWEEP][CAPTIONS_TRANSCRIBE] text returned {'video_id': 'tQmEd_UeeIk', 'source': 'silence', 'text': '', 'confidence': 0.0}
[ISWEEP][CAPTIONS_TRANSCRIBE] request received {'video_id': 'tQmEd_UeeIk', 'start_seconds': 167.79200000000003, 'end_seconds': 170.04800000000003, 'mime_type': 'audio/wav'}
[ISWEEP][CAPTIONS_TRANSCRIBE] stt state {'video_id': 'tQmEd_UeeIk', 'stt_enabled': True, 'model_name': 'base', 'model_initialized': True, 'model_init_error': None}
[ISWEEP][CAPTIONS_TRANSCRIBE] audio diagnostics {'video_id': 'tQmEd_UeeIk', 'wav_bytes': 72236, 'sample_rate': 16000, 'duration_seconds': 2.256, 'rms': 0.0, 'peak': 0.0, 'wav_parse_ok': True}
[ISWEEP][CAPTIONS_TRANSCRIBE] hotword hints {'video_id': 'tQmEd_UeeIk', 'count': 0, 'preview': []}
[ISWEEP][AUDIO_STT] chunk received {'video_id': 'tQmEd_UeeIk', 'start_seconds': 167.79200000000003, 'end_seconds': 170.04800000000003, 'mime_type': 'audio/wav'}
[ISWEEP][AUDIO_DEBUG] received audio bytes: 72236
[ISWEEP][AUDIO_STT] whisper started {'video_id': 'tQmEd_UeeIk', 'model': 'base'}
[ISWEEP][CAPTIONS_TRANSCRIBE] transcription output {'video_id': 'tQmEd_UeeIk', 'raw_text_preview': '', 'clean_text_preview': '', 'word_timestamp_count': 0, 'dedup_word_timestamp_count': 0, 'is_partial': False, 'stable_text_preview': '', 'failure_reason': None}
[ISWEEP][STT_SESSION] silence response emitted {'tab_id': 124035955, 'video_id': 'tQmEd_UeeIk', 'session_id': '124035955:tQmEd_UeeIk:1787878149450:nvsc63', 'chunk_id': '124035955:tQmEd_UeeIk:1787878149450:nvsc63:134', 'sequence_number': 134, 'audio_window_start_ms': 167792, 'audio_window_end_ms': 170048, 'vad_state': None, 'stt_status': 'silent_audio', 'text_length': 0, 'word_count': 0}
[ISWEEP][CAPTIONS_TRANSCRIBE] text returned {'video_id': 'tQmEd_UeeIk', 'source': 'silence', 'text': '', 'confidence': 0.0}
[ISWEEP][CAPTIONS_TRANSCRIBE] request received {'video_id': 'tQmEd_UeeIk', 'start_seconds': 169.04800000000003, 'end_seconds': 171.30400000000003, 'mime_type': 'audio/wav'}
[ISWEEP][CAPTIONS_TRANSCRIBE] stt state {'video_id': 'tQmEd_UeeIk', 'stt_enabled': True, 'model_name': 'base', 'model_initialized': True, 'model_init_error': None}
[ISWEEP][CAPTIONS_TRANSCRIBE] audio diagnostics {'video_id': 'tQmEd_UeeIk', 'wav_bytes': 72236, 'sample_rate': 16000, 'duration_seconds': 2.256, 'rms': 0.0, 'peak': 0.0, 'wav_parse_ok': True}
[ISWEEP][CAPTIONS_TRANSCRIBE] hotword hints {'video_id': 'tQmEd_UeeIk', 'count': 0, 'preview': []}
[ISWEEP][AUDIO_STT] chunk received {'video_id': 'tQmEd_UeeIk', 'start_seconds': 169.04800000000003, 'end_seconds': 171.30400000000003, 'mime_type': 'audio/wav'}
[ISWEEP][AUDIO_DEBUG] received audio bytes: 72236
[ISWEEP][AUDIO_STT] whisper started {'video_id': 'tQmEd_UeeIk', 'model': 'base'}
[ISWEEP][CAPTIONS_TRANSCRIBE] transcription output {'video_id': 'tQmEd_UeeIk', 'raw_text_preview': '', 'clean_text_preview': '', 'word_timestamp_count': 0, 'dedup_word_timestamp_count': 0, 'is_partial': False, 'stable_text_preview': '', 'failure_reason': None}
[ISWEEP][STT_SESSION] silence response emitted {'tab_id': 124035955, 'video_id': 'tQmEd_UeeIk', 'session_id': '124035955:tQmEd_UeeIk:1787878149450:nvsc63', 'chunk_id': '124035955:tQmEd_UeeIk:1787878149450:nvsc63:135', 'sequence_number': 135, 'audio_window_start_ms': 169048, 'audio_window_end_ms': 171304, 'vad_state': None, 'stt_status': 'silent_audio', 'text_length': 0, 'word_count': 0}
[ISWEEP][CAPTIONS_TRANSCRIBE] text returned {'video_id': 'tQmEd_UeeIk', 'source': 'silence', 'text': '', 'confidence': 0.0}
[ISWEEP][CAPTIONS_TRANSCRIBE] request received {'video_id': 'tQmEd_UeeIk', 'start_seconds': 170.30400000000003, 'end_seconds': 172.56000000000003, 'mime_type': 'audio/wav'}
[ISWEEP][CAPTIONS_TRANSCRIBE] stt state {'video_id': 'tQmEd_UeeIk', 'stt_enabled': True, 'model_name': 'base', 'model_initialized': True, 'model_init_error': None}
[ISWEEP][CAPTIONS_TRANSCRIBE] audio diagnostics {'video_id': 'tQmEd_UeeIk', 'wav_bytes': 72236, 'sample_rate': 16000, 'duration_seconds': 2.256, 'rms': 0.0, 'peak': 0.0, 'wav_parse_ok': True}
[ISWEEP][CAPTIONS_TRANSCRIBE] hotword hints {'video_id': 'tQmEd_UeeIk', 'count': 0, 'preview': []}
[ISWEEP][AUDIO_STT] chunk received {'video_id': 'tQmEd_UeeIk', 'start_seconds': 170.30400000000003, 'end_seconds': 172.56000000000003, 'mime_type': 'audio/wav'}
[ISWEEP][AUDIO_DEBUG] received audio bytes: 72236
[ISWEEP][AUDIO_STT] whisper started {'video_id': 'tQmEd_UeeIk', 'model': 'base'}
[ISWEEP][CAPTIONS_TRANSCRIBE] transcription output {'video_id': 'tQmEd_UeeIk', 'raw_text_preview': '', 'clean_text_preview': '', 'word_timestamp_count': 0, 'dedup_word_timestamp_count': 0, 'is_partial': False, 'stable_text_preview': '', 'failure_reason': None}
[ISWEEP][STT_SESSION] silence response emitted {'tab_id': 124035955, 'video_id': 'tQmEd_UeeIk', 'session_id': '124035955:tQmEd_UeeIk:1787878149450:nvsc63', 'chunk_id': '124035955:tQmEd_UeeIk:1787878149450:nvsc63:136', 'sequence_number': 136, 'audio_window_start_ms': 170304, 'audio_window_end_ms': 172560, 'vad_state': None, 'stt_status': 'silent_audio', 'text_length': 0, 'word_count': 0}
[ISWEEP][CAPTIONS_TRANSCRIBE] text returned {'video_id': 'tQmEd_UeeIk', 'source': 'silence', 'text': '', 'confidence': 0.0}
[ISWEEP][CAPTIONS_TRANSCRIBE] request received {'video_id': 'tQmEd_UeeIk', 'start_seconds': 171.56000000000003, 'end_seconds': 173.81600000000003, 'mime_type': 'audio/wav'}
[ISWEEP][CAPTIONS_TRANSCRIBE] stt state {'video_id': 'tQmEd_UeeIk', 'stt_enabled': True, 'model_name': 'base', 'model_initialized': True, 'model_init_error': None}
[ISWEEP][CAPTIONS_TRANSCRIBE] audio diagnostics {'video_id': 'tQmEd_UeeIk', 'wav_bytes': 72236, 'sample_rate': 16000, 'duration_seconds': 2.256, 'rms': 0.0, 'peak': 0.0, 'wav_parse_ok': True}
[ISWEEP][CAPTIONS_TRANSCRIBE] hotword hints {'video_id': 'tQmEd_UeeIk', 'count': 0, 'preview': []}
[ISWEEP][AUDIO_STT] chunk received {'video_id': 'tQmEd_UeeIk', 'start_seconds': 171.56000000000003, 'end_seconds': 173.81600000000003, 'mime_type': 'audio/wav'}
[ISWEEP][AUDIO_DEBUG] received audio bytes: 72236
[ISWEEP][AUDIO_STT] whisper started {'video_id': 'tQmEd_UeeIk', 'model': 'base'}
[ISWEEP][CAPTIONS_TRANSCRIBE] transcription output {'video_id': 'tQmEd_UeeIk', 'raw_text_preview': '', 'clean_text_preview': '', 'word_timestamp_count': 0, 'dedup_word_timestamp_count': 0, 'is_partial': False, 'stable_text_preview': '', 'failure_reason': None}
[ISWEEP][STT_SESSION] silence response emitted {'tab_id': 124035955, 'video_id': 'tQmEd_UeeIk', 'session_id': '124035955:tQmEd_UeeIk:1787878149450:nvsc63', 'chunk_id': '124035955:tQmEd_UeeIk:1787878149450:nvsc63:137', 'sequence_number': 137, 'audio_window_start_ms': 171560, 'audio_window_end_ms': 173816, 'vad_state': None, 'stt_status': 'silent_audio', 'text_length': 0, 'word_count': 0}
[ISWEEP][CAPTIONS_TRANSCRIBE] text returned {'video_id': 'tQmEd_UeeIk', 'source': 'silence', 'text': '', 'confidence': 0.0}
[ISWEEP][CAPTIONS_TRANSCRIBE] request received {'video_id': 'tQmEd_UeeIk', 'start_seconds': 172.81600000000003, 'end_seconds': 175.07200000000003, 'mime_type': 'audio/wav'}
[ISWEEP][CAPTIONS_TRANSCRIBE] stt state {'video_id': 'tQmEd_UeeIk', 'stt_enabled': True, 'model_name': 'base', 'model_initialized': True, 'model_init_error': None}
[ISWEEP][CAPTIONS_TRANSCRIBE] audio diagnostics {'video_id': 'tQmEd_UeeIk', 'wav_bytes': 72236, 'sample_rate': 16000, 'duration_seconds': 2.256, 'rms': 0.0, 'peak': 0.0, 'wav_parse_ok': True}
[ISWEEP][CAPTIONS_TRANSCRIBE] hotword hints {'video_id': 'tQmEd_UeeIk', 'count': 0, 'preview': []}
[ISWEEP][AUDIO_STT] chunk received {'video_id': 'tQmEd_UeeIk', 'start_seconds': 172.81600000000003, 'end_seconds': 175.07200000000003, 'mime_type': 'audio/wav'}
[ISWEEP][AUDIO_DEBUG] received audio bytes: 72236
[ISWEEP][AUDIO_STT] whisper started {'video_id': 'tQmEd_UeeIk', 'model': 'base'}
[ISWEEP][CAPTIONS_TRANSCRIBE] transcription output {'video_id': 'tQmEd_UeeIk', 'raw_text_preview': '', 'clean_text_preview': '', 'word_timestamp_count': 0, 'dedup_word_timestamp_count': 0, 'is_partial': False, 'stable_text_preview': '', 'failure_reason': None}
[ISWEEP][STT_SESSION] silence response emitted {'tab_id': 124035955, 'video_id': 'tQmEd_UeeIk', 'session_id': '124035955:tQmEd_UeeIk:1787878149450:nvsc63', 'chunk_id': '124035955:tQmEd_UeeIk:1787878149450:nvsc63:138', 'sequence_number': 138, 'audio_window_start_ms': 172816, 'audio_window_end_ms': 175072, 'vad_state': None, 'stt_status': 'silent_audio', 'text_length': 0, 'word_count': 0}
[ISWEEP][CAPTIONS_TRANSCRIBE] text returned {'video_id': 'tQmEd_UeeIk', 'source': 'silence', 'text': '', 'confidence': 0.0}
[ISWEEP][CAPTIONS_TRANSCRIBE] request received {'video_id': 'tQmEd_UeeIk', 'start_seconds': 174.07200000000003, 'end_seconds': 176.32800000000003, 'mime_type': 'audio/wav'}
[ISWEEP][CAPTIONS_TRANSCRIBE] stt state {'video_id': 'tQmEd_UeeIk', 'stt_enabled': True, 'model_name': 'base', 'model_initialized': True, 'model_init_error': None}
[ISWEEP][CAPTIONS_TRANSCRIBE] audio diagnostics {'video_id': 'tQmEd_UeeIk', 'wav_bytes': 72236, 'sample_rate': 16000, 'duration_seconds': 2.256, 'rms': 0.0, 'peak': 0.0, 'wav_parse_ok': True}
[ISWEEP][CAPTIONS_TRANSCRIBE] hotword hints {'video_id': 'tQmEd_UeeIk', 'count': 0, 'preview': []}
[ISWEEP][AUDIO_STT] chunk received {'video_id': 'tQmEd_UeeIk', 'start_seconds': 174.07200000000003, 'end_seconds': 176.32800000000003, 'mime_type': 'audio/wav'}
[ISWEEP][AUDIO_DEBUG] received audio bytes: 72236
[ISWEEP][AUDIO_STT] whisper started {'video_id': 'tQmEd_UeeIk', 'model': 'base'}
[ISWEEP][CAPTIONS_TRANSCRIBE] transcription output {'video_id': 'tQmEd_UeeIk', 'raw_text_preview': '', 'clean_text_preview': '', 'word_timestamp_count': 0, 'dedup_word_timestamp_count': 0, 'is_partial': False, 'stable_text_preview': '', 'failure_reason': None}
[ISWEEP][STT_SESSION] silence response emitted {'tab_id': 124035955, 'video_id': 'tQmEd_UeeIk', 'session_id': '124035955:tQmEd_UeeIk:1787878149450:nvsc63', 'chunk_id': '124035955:tQmEd_UeeIk:1787878149450:nvsc63:139', 'sequence_number': 139, 'audio_window_start_ms': 174072, 'audio_window_end_ms': 176328, 'vad_state': None, 'stt_status': 'silent_audio', 'text_length': 0, 'word_count': 0}
[ISWEEP][CAPTIONS_TRANSCRIBE] text returned {'video_id': 'tQmEd_UeeIk', 'source': 'silence', 'text': '', 'confidence': 0.0}
[ISWEEP][CAPTIONS_TRANSCRIBE] request received {'video_id': 'tQmEd_UeeIk', 'start_seconds': 175.32800000000003, 'end_seconds': 177.58400000000003, 'mime_type': 'audio/wav'}
[ISWEEP][CAPTIONS_TRANSCRIBE] stt state {'video_id': 'tQmEd_UeeIk', 'stt_enabled': True, 'model_name': 'base', 'model_initialized': True, 'model_init_error': None}
[ISWEEP][CAPTIONS_TRANSCRIBE] audio diagnostics {'video_id': 'tQmEd_UeeIk', 'wav_bytes': 72236, 'sample_rate': 16000, 'duration_seconds': 2.256, 'rms': 0.0, 'peak': 0.0, 'wav_parse_ok': True}
[ISWEEP][CAPTIONS_TRANSCRIBE] hotword hints {'video_id': 'tQmEd_UeeIk', 'count': 0, 'preview': []}
[ISWEEP][AUDIO_STT] chunk received {'video_id': 'tQmEd_UeeIk', 'start_seconds': 175.32800000000003, 'end_seconds': 177.58400000000003, 'mime_type': 'audio/wav'}
[ISWEEP][AUDIO_DEBUG] received audio bytes: 72236
[ISWEEP][AUDIO_STT] whisper started {'video_id': 'tQmEd_UeeIk', 'model': 'base'}
[ISWEEP][CAPTIONS_TRANSCRIBE] transcription output {'video_id': 'tQmEd_UeeIk', 'raw_text_preview': '', 'clean_text_preview': '', 'word_timestamp_count': 0, 'dedup_word_timestamp_count': 0, 'is_partial': False, 'stable_text_preview': '', 'failure_reason': None}
[ISWEEP][STT_SESSION] silence response emitted {'tab_id': 124035955, 'video_id': 'tQmEd_UeeIk', 'session_id': '124035955:tQmEd_UeeIk:1787878149450:nvsc63', 'chunk_id': '124035955:tQmEd_UeeIk:1787878149450:nvsc63:140', 'sequence_number': 140, 'audio_window_start_ms': 175328, 'audio_window_end_ms': 177584, 'vad_state': None, 'stt_status': 'silent_audio', 'text_length': 0, 'word_count': 0}
[ISWEEP][CAPTIONS_TRANSCRIBE] text returned {'video_id': 'tQmEd_UeeIk', 'source': 'silence', 'text': '', 'confidence': 0.0}
[ISWEEP][CAPTIONS_TRANSCRIBE] request received {'video_id': 'tQmEd_UeeIk', 'start_seconds': 176.58400000000003, 'end_seconds': 178.84000000000003, 'mime_type': 'audio/wav'}
[ISWEEP][CAPTIONS_TRANSCRIBE] stt state {'video_id': 'tQmEd_UeeIk', 'stt_enabled': True, 'model_name': 'base', 'model_initialized': True, 'model_init_error': None}
[ISWEEP][CAPTIONS_TRANSCRIBE] audio diagnostics {'video_id': 'tQmEd_UeeIk', 'wav_bytes': 72236, 'sample_rate': 16000, 'duration_seconds': 2.256, 'rms': 0.0, 'peak': 0.0, 'wav_parse_ok': True}
[ISWEEP][CAPTIONS_TRANSCRIBE] hotword hints {'video_id': 'tQmEd_UeeIk', 'count': 0, 'preview': []}
[ISWEEP][AUDIO_STT] chunk received {'video_id': 'tQmEd_UeeIk', 'start_seconds': 176.58400000000003, 'end_seconds': 178.84000000000003, 'mime_type': 'audio/wav'}
[ISWEEP][AUDIO_DEBUG] received audio bytes: 72236
[ISWEEP][AUDIO_STT] whisper started {'video_id': 'tQmEd_UeeIk', 'model': 'base'}
[ISWEEP][CAPTIONS_TRANSCRIBE] transcription output {'video_id': 'tQmEd_UeeIk', 'raw_text_preview': '', 'clean_text_preview': '', 'word_timestamp_count': 0, 'dedup_word_timestamp_count': 0, 'is_partial': False, 'stable_text_preview': '', 'failure_reason': None}
[ISWEEP][STT_SESSION] silence response emitted {'tab_id': 124035955, 'video_id': 'tQmEd_UeeIk', 'session_id': '124035955:tQmEd_UeeIk:1787878149450:nvsc63', 'chunk_id': '124035955:tQmEd_UeeIk:1787878149450:nvsc63:141', 'sequence_number': 141, 'audio_window_start_ms': 176584, 'audio_window_end_ms': 178840, 'vad_state': None, 'stt_status': 'silent_audio', 'text_length': 0, 'word_count': 0}
[ISWEEP][CAPTIONS_TRANSCRIBE] text returned {'video_id': 'tQmEd_UeeIk', 'source': 'silence', 'text': '', 'confidence': 0.0}
[ISWEEP][CAPTIONS_TRANSCRIBE] request received {'video_id': 'tQmEd_UeeIk', 'start_seconds': 177.84000000000003, 'end_seconds': 180.09600000000003, 'mime_type': 'audio/wav'}
[ISWEEP][CAPTIONS_TRANSCRIBE] stt state {'video_id': 'tQmEd_UeeIk', 'stt_enabled': True, 'model_name': 'base', 'model_initialized': True, 'model_init_error': None}
[ISWEEP][CAPTIONS_TRANSCRIBE] audio diagnostics {'video_id': 'tQmEd_UeeIk', 'wav_bytes': 72236, 'sample_rate': 16000, 'duration_seconds': 2.256, 'rms': 0.0, 'peak': 0.0, 'wav_parse_ok': True}
[ISWEEP][CAPTIONS_TRANSCRIBE] hotword hints {'video_id': 'tQmEd_UeeIk', 'count': 0, 'preview': []}
[ISWEEP][AUDIO_STT] chunk received {'video_id': 'tQmEd_UeeIk', 'start_seconds': 177.84000000000003, 'end_seconds': 180.09600000000003, 'mime_type': 'audio/wav'}
[ISWEEP][AUDIO_DEBUG] received audio bytes: 72236
[ISWEEP][AUDIO_STT] whisper started {'video_id': 'tQmEd_UeeIk', 'model': 'base'}
[ISWEEP][CAPTIONS_TRANSCRIBE] transcription output {'video_id': 'tQmEd_UeeIk', 'raw_text_preview': '', 'clean_text_preview': '', 'word_timestamp_count': 0, 'dedup_word_timestamp_count': 0, 'is_partial': False, 'stable_text_preview': '', 'failure_reason': None}
[ISWEEP][STT_SESSION] silence response emitted {'tab_id': 124035955, 'video_id': 'tQmEd_UeeIk', 'session_id': '124035955:tQmEd_UeeIk:1787878149450:nvsc63', 'chunk_id': '124035955:tQmEd_UeeIk:1787878149450:nvsc63:142', 'sequence_number': 142, 'audio_window_start_ms': 177840, 'audio_window_end_ms': 180096, 'vad_state': None, 'stt_status': 'silent_audio', 'text_length': 0, 'word_count': 0}
[ISWEEP][CAPTIONS_TRANSCRIBE] text returned {'video_id': 'tQmEd_UeeIk', 'source': 'silence', 'text': '', 'confidence': 0.0}
[ISWEEP][CAPTIONS_TRANSCRIBE] request received {'video_id': 'tQmEd_UeeIk', 'start_seconds': 179.09600000000003, 'end_seconds': 181.35200000000003, 'mime_type': 'audio/wav'}
[ISWEEP][CAPTIONS_TRANSCRIBE] stt state {'video_id': 'tQmEd_UeeIk', 'stt_enabled': True, 'model_name': 'base', 'model_initialized': True, 'model_init_error': None}
[ISWEEP][CAPTIONS_TRANSCRIBE] audio diagnostics {'video_id': 'tQmEd_UeeIk', 'wav_bytes': 72236, 'sample_rate': 16000, 'duration_seconds': 2.256, 'rms': 0.0, 'peak': 0.0, 'wav_parse_ok': True}
[ISWEEP][CAPTIONS_TRANSCRIBE] hotword hints {'video_id': 'tQmEd_UeeIk', 'count': 0, 'preview': []}
[ISWEEP][AUDIO_STT] chunk received {'video_id': 'tQmEd_UeeIk', 'start_seconds': 179.09600000000003, 'end_seconds': 181.35200000000003, 'mime_type': 'audio/wav'}
[ISWEEP][AUDIO_DEBUG] received audio bytes: 72236
[ISWEEP][AUDIO_STT] whisper started {'video_id': 'tQmEd_UeeIk', 'model': 'base'}
[ISWEEP][CAPTIONS_TRANSCRIBE] transcription output {'video_id': 'tQmEd_UeeIk', 'raw_text_preview': '', 'clean_text_preview': '', 'word_timestamp_count': 0, 'dedup_word_timestamp_count': 0, 'is_partial': False, 'stable_text_preview': '', 'failure_reason': None}
[ISWEEP][STT_SESSION] silence response emitted {'tab_id': 124035955, 'video_id': 'tQmEd_UeeIk', 'session_id': '124035955:tQmEd_UeeIk:1787878149450:nvsc63', 'chunk_id': '124035955:tQmEd_UeeIk:1787878149450:nvsc63:143', 'sequence_number': 143, 'audio_window_start_ms': 179096, 'audio_window_end_ms': 181352, 'vad_state': None, 'stt_status': 'silent_audio', 'text_length': 0, 'word_count': 0}
[ISWEEP][CAPTIONS_TRANSCRIBE] text returned {'video_id': 'tQmEd_UeeIk', 'source': 'silence', 'text': '', 'confidence': 0.0}
[ISWEEP][CAPTIONS_TRANSCRIBE] request received {'video_id': 'tQmEd_UeeIk', 'start_seconds': 181.60800000000003, 'end_seconds': 183.86400000000003, 'mime_type': 'audio/wav'}
[ISWEEP][CAPTIONS_TRANSCRIBE] stt state {'video_id': 'tQmEd_UeeIk', 'stt_enabled': True, 'model_name': 'base', 'model_initialized': True, 'model_init_error': None}
[ISWEEP][CAPTIONS_TRANSCRIBE] audio diagnostics {'video_id': 'tQmEd_UeeIk', 'wav_bytes': 72236, 'sample_rate': 16000, 'duration_seconds': 2.256, 'rms': 0.0, 'peak': 0.0, 'wav_parse_ok': True}
[ISWEEP][CAPTIONS_TRANSCRIBE] hotword hints {'video_id': 'tQmEd_UeeIk', 'count': 0, 'preview': []}
[ISWEEP][AUDIO_STT] chunk received {'video_id': 'tQmEd_UeeIk', 'start_seconds': 181.60800000000003, 'end_seconds': 183.86400000000003, 'mime_type': 'audio/wav'}
[ISWEEP][AUDIO_DEBUG] received audio bytes: 72236
[ISWEEP][AUDIO_STT] whisper started {'video_id': 'tQmEd_UeeIk', 'model': 'base'}
[ISWEEP][CAPTIONS_TRANSCRIBE] transcription output {'video_id': 'tQmEd_UeeIk', 'raw_text_preview': '', 'clean_text_preview': '', 'word_timestamp_count': 0, 'dedup_word_timestamp_count': 0, 'is_partial': False, 'stable_text_preview': '', 'failure_reason': None}
[ISWEEP][STT_SESSION] silence response emitted {'tab_id': 124035955, 'video_id': 'tQmEd_UeeIk', 'session_id': '124035955:tQmEd_UeeIk:1787878149450:nvsc63', 'chunk_id': '124035955:tQmEd_UeeIk:1787878149450:nvsc63:145', 'sequence_number': 145, 'audio_window_start_ms': 181608, 'audio_window_end_ms': 183864, 'vad_state': None, 'stt_status': 'silent_audio', 'text_length': 0, 'word_count': 0}
[ISWEEP][CAPTIONS_TRANSCRIBE] text returned {'video_id': 'tQmEd_UeeIk', 'source': 'silence', 'text': '', 'confidence': 0.0}
[ISWEEP][CAPTIONS_TRANSCRIBE] request received {'video_id': 'tQmEd_UeeIk', 'start_seconds': 182.86400000000003, 'end_seconds': 185.12000000000003, 'mime_type': 'audio/wav'}
[ISWEEP][CAPTIONS_TRANSCRIBE] stt state {'video_id': 'tQmEd_UeeIk', 'stt_enabled': True, 'model_name': 'base', 'model_initialized': True, 'model_init_error': None}
[ISWEEP][CAPTIONS_TRANSCRIBE] audio diagnostics {'video_id': 'tQmEd_UeeIk', 'wav_bytes': 72236, 'sample_rate': 16000, 'duration_seconds': 2.256, 'rms': 0.0, 'peak': 0.0, 'wav_parse_ok': True}
[ISWEEP][CAPTIONS_TRANSCRIBE] hotword hints {'video_id': 'tQmEd_UeeIk', 'count': 0, 'preview': []}
[ISWEEP][AUDIO_STT] chunk received {'video_id': 'tQmEd_UeeIk', 'start_seconds': 182.86400000000003, 'end_seconds': 185.12000000000003, 'mime_type': 'audio/wav'}
[ISWEEP][AUDIO_DEBUG] received audio bytes: 72236
[ISWEEP][AUDIO_STT] whisper started {'video_id': 'tQmEd_UeeIk', 'model': 'base'}
[ISWEEP][CAPTIONS_TRANSCRIBE] transcription output {'video_id': 'tQmEd_UeeIk', 'raw_text_preview': '', 'clean_text_preview': '', 'word_timestamp_count': 0, 'dedup_word_timestamp_count': 0, 'is_partial': False, 'stable_text_preview': '', 'failure_reason': None}
[ISWEEP][STT_SESSION] silence response emitted {'tab_id': 124035955, 'video_id': 'tQmEd_UeeIk', 'session_id': '124035955:tQmEd_UeeIk:1787878149450:nvsc63', 'chunk_id': '124035955:tQmEd_UeeIk:1787878149450:nvsc63:146', 'sequence_number': 146, 'audio_window_start_ms': 182864, 'audio_window_end_ms': 185120, 'vad_state': None, 'stt_status': 'silent_audio', 'text_length': 0, 'word_count': 0}
[ISWEEP][CAPTIONS_TRANSCRIBE] text returned {'video_id': 'tQmEd_UeeIk', 'source': 'silence', 'text': '', 'confidence': 0.0}
[ISWEEP][CAPTIONS_TRANSCRIBE] request received {'video_id': 'tQmEd_UeeIk', 'start_seconds': 185.37600000000003, 'end_seconds': 187.63200000000003, 'mime_type': 'audio/wav'}
[ISWEEP][CAPTIONS_TRANSCRIBE] stt state {'video_id': 'tQmEd_UeeIk', 'stt_enabled': True, 'model_name': 'base', 'model_initialized': True, 'model_init_error': None}
[ISWEEP][CAPTIONS_TRANSCRIBE] audio diagnostics {'video_id': 'tQmEd_UeeIk', 'wav_bytes': 72236, 'sample_rate': 16000, 'duration_seconds': 2.256, 'rms': 0.0, 'peak': 0.0, 'wav_parse_ok': True}
[ISWEEP][CAPTIONS_TRANSCRIBE] hotword hints {'video_id': 'tQmEd_UeeIk', 'count': 0, 'preview': []}
[ISWEEP][AUDIO_STT] chunk received {'video_id': 'tQmEd_UeeIk', 'start_seconds': 185.37600000000003, 'end_seconds': 187.63200000000003, 'mime_type': 'audio/wav'}
[ISWEEP][AUDIO_DEBUG] received audio bytes: 72236
[ISWEEP][AUDIO_STT] whisper started {'video_id': 'tQmEd_UeeIk', 'model': 'base'}
[ISWEEP][CAPTIONS_TRANSCRIBE] transcription output {'video_id': 'tQmEd_UeeIk', 'raw_text_preview': '', 'clean_text_preview': '', 'word_timestamp_count': 0, 'dedup_word_timestamp_count': 0, 'is_partial': False, 'stable_text_preview': '', 'failure_reason': None}
[ISWEEP][STT_SESSION] silence response emitted {'tab_id': 124035955, 'video_id': 'tQmEd_UeeIk', 'session_id': '124035955:tQmEd_UeeIk:1787878149450:nvsc63', 'chunk_id': '124035955:tQmEd_UeeIk:1787878149450:nvsc63:148', 'sequence_number': 148, 'audio_window_start_ms': 185376, 'audio_window_end_ms': 187632, 'vad_state': None, 'stt_status': 'silent_audio', 'text_length': 0, 'word_count': 0}
[ISWEEP][CAPTIONS_TRANSCRIBE] text returned {'video_id': 'tQmEd_UeeIk', 'source': 'silence', 'text': '', 'confidence': 0.0}
[ISWEEP][CAPTIONS_TRANSCRIBE] request received {'video_id': 'tQmEd_UeeIk', 'start_seconds': 186.63200000000003, 'end_seconds': 188.88800000000003, 'mime_type': 'audio/wav'}
[ISWEEP][CAPTIONS_TRANSCRIBE] stt state {'video_id': 'tQmEd_UeeIk', 'stt_enabled': True, 'model_name': 'base', 'model_initialized': True, 'model_init_error': None}
[ISWEEP][CAPTIONS_TRANSCRIBE] audio diagnostics {'video_id': 'tQmEd_UeeIk', 'wav_bytes': 72236, 'sample_rate': 16000, 'duration_seconds': 2.256, 'rms': 0.0, 'peak': 0.0, 'wav_parse_ok': True}
[ISWEEP][CAPTIONS_TRANSCRIBE] hotword hints {'video_id': 'tQmEd_UeeIk', 'count': 0, 'preview': []}
[ISWEEP][AUDIO_STT] chunk received {'video_id': 'tQmEd_UeeIk', 'start_seconds': 186.63200000000003, 'end_seconds': 188.88800000000003, 'mime_type': 'audio/wav'}
[ISWEEP][AUDIO_DEBUG] received audio bytes: 72236
[ISWEEP][AUDIO_STT] whisper started {'video_id': 'tQmEd_UeeIk', 'model': 'base'}
[ISWEEP][CAPTIONS_TRANSCRIBE] transcription output {'video_id': 'tQmEd_UeeIk', 'raw_text_preview': '', 'clean_text_preview': '', 'word_timestamp_count': 0, 'dedup_word_timestamp_count': 0, 'is_partial': False, 'stable_text_preview': '', 'failure_reason': None}
[ISWEEP][STT_SESSION] silence response emitted {'tab_id': 124035955, 'video_id': 'tQmEd_UeeIk', 'session_id': '124035955:tQmEd_UeeIk:1787878149450:nvsc63', 'chunk_id': '124035955:tQmEd_UeeIk:1787878149450:nvsc63:149', 'sequence_number': 149, 'audio_window_start_ms': 186632, 'audio_window_end_ms': 188888, 'vad_state': None, 'stt_status': 'silent_audio', 'text_length': 0, 'word_count': 0}
[ISWEEP][CAPTIONS_TRANSCRIBE] text returned {'video_id': 'tQmEd_UeeIk', 'source': 'silence', 'text': '', 'confidence': 0.0}
[ISWEEP][CAPTIONS_TRANSCRIBE] request received {'video_id': 'tQmEd_UeeIk', 'start_seconds': 187.88800000000003, 'end_seconds': 190.14400000000003, 'mime_type': 'audio/wav'}
[ISWEEP][CAPTIONS_TRANSCRIBE] stt state {'video_id': 'tQmEd_UeeIk', 'stt_enabled': True, 'model_name': 'base', 'model_initialized': True, 'model_init_error': None}
[ISWEEP][CAPTIONS_TRANSCRIBE] audio diagnostics {'video_id': 'tQmEd_UeeIk', 'wav_bytes': 72236, 'sample_rate': 16000, 'duration_seconds': 2.256, 'rms': 0.0, 'peak': 0.0, 'wav_parse_ok': True}
[ISWEEP][CAPTIONS_TRANSCRIBE] hotword hints {'video_id': 'tQmEd_UeeIk', 'count': 0, 'preview': []}
[ISWEEP][AUDIO_STT] chunk received {'video_id': 'tQmEd_UeeIk', 'start_seconds': 187.88800000000003, 'end_seconds': 190.14400000000003, 'mime_type': 'audio/wav'}
[ISWEEP][AUDIO_DEBUG] received audio bytes: 72236
[ISWEEP][AUDIO_STT] whisper started {'video_id': 'tQmEd_UeeIk', 'model': 'base'}
[ISWEEP][CAPTIONS_TRANSCRIBE] transcription output {'video_id': 'tQmEd_UeeIk', 'raw_text_preview': '', 'clean_text_preview': '', 'word_timestamp_count': 0, 'dedup_word_timestamp_count': 0, 'is_partial': False, 'stable_text_preview': '', 'failure_reason': None}
[ISWEEP][STT_SESSION] silence response emitted {'tab_id': 124035955, 'video_id': 'tQmEd_UeeIk', 'session_id': '124035955:tQmEd_UeeIk:1787878149450:nvsc63', 'chunk_id': '124035955:tQmEd_UeeIk:1787878149450:nvsc63:150', 'sequence_number': 150, 'audio_window_start_ms': 187888, 'audio_window_end_ms': 190144, 'vad_state': None, 'stt_status': 'silent_audio', 'text_length': 0, 'word_count': 0}
[ISWEEP][CAPTIONS_TRANSCRIBE] text returned {'video_id': 'tQmEd_UeeIk', 'source': 'silence', 'text': '', 'confidence': 0.0}
[ISWEEP][CAPTIONS_TRANSCRIBE] request received {'video_id': 'tQmEd_UeeIk', 'start_seconds': 189.14400000000003, 'end_seconds': 191.40000000000003, 'mime_type': 'audio/wav'}
[ISWEEP][CAPTIONS_TRANSCRIBE] stt state {'video_id': 'tQmEd_UeeIk', 'stt_enabled': True, 'model_name': 'base', 'model_initialized': True, 'model_init_error': None}
[ISWEEP][CAPTIONS_TRANSCRIBE] audio diagnostics {'video_id': 'tQmEd_UeeIk', 'wav_bytes': 72236, 'sample_rate': 16000, 'duration_seconds': 2.256, 'rms': 0.0, 'peak': 0.0, 'wav_parse_ok': True}
[ISWEEP][CAPTIONS_TRANSCRIBE] hotword hints {'video_id': 'tQmEd_UeeIk', 'count': 0, 'preview': []}
[ISWEEP][AUDIO_STT] chunk received {'video_id': 'tQmEd_UeeIk', 'start_seconds': 189.14400000000003, 'end_seconds': 191.40000000000003, 'mime_type': 'audio/wav'}
[ISWEEP][AUDIO_DEBUG] received audio bytes: 72236
[ISWEEP][AUDIO_STT] whisper started {'video_id': 'tQmEd_UeeIk', 'model': 'base'}
[ISWEEP][CAPTIONS_TRANSCRIBE] transcription output {'video_id': 'tQmEd_UeeIk', 'raw_text_preview': '', 'clean_text_preview': '', 'word_timestamp_count': 0, 'dedup_word_timestamp_count': 0, 'is_partial': False, 'stable_text_preview': '', 'failure_reason': None}
[ISWEEP][STT_SESSION] silence response emitted {'tab_id': 124035955, 'video_id': 'tQmEd_UeeIk', 'session_id': '124035955:tQmEd_UeeIk:1787878149450:nvsc63', 'chunk_id': '124035955:tQmEd_UeeIk:1787878149450:nvsc63:151', 'sequence_number': 151, 'audio_window_start_ms': 189144, 'audio_window_end_ms': 191400, 'vad_state': None, 'stt_status': 'silent_audio', 'text_length': 0, 'word_count': 0}
[ISWEEP][CAPTIONS_TRANSCRIBE] text returned {'video_id': 'tQmEd_UeeIk', 'source': 'silence', 'text': '', 'confidence': 0.0}
[ISWEEP][CAPTIONS_TRANSCRIBE] request received {'video_id': 'tQmEd_UeeIk', 'start_seconds': 190.40000000000003, 'end_seconds': 192.65600000000003, 'mime_type': 'audio/wav'}
[ISWEEP][CAPTIONS_TRANSCRIBE] stt state {'video_id': 'tQmEd_UeeIk', 'stt_enabled': True, 'model_name': 'base', 'model_initialized': True, 'model_init_error': None}
[ISWEEP][CAPTIONS_TRANSCRIBE] audio diagnostics {'video_id': 'tQmEd_UeeIk', 'wav_bytes': 72236, 'sample_rate': 16000, 'duration_seconds': 2.256, 'rms': 0.0, 'peak': 0.0, 'wav_parse_ok': True}
[ISWEEP][CAPTIONS_TRANSCRIBE] hotword hints {'video_id': 'tQmEd_UeeIk', 'count': 0, 'preview': []}
[ISWEEP][AUDIO_STT] chunk received {'video_id': 'tQmEd_UeeIk', 'start_seconds': 190.40000000000003, 'end_seconds': 192.65600000000003, 'mime_type': 'audio/wav'}
[ISWEEP][AUDIO_DEBUG] received audio bytes: 72236
[ISWEEP][AUDIO_STT] whisper started {'video_id': 'tQmEd_UeeIk', 'model': 'base'}
[ISWEEP][CAPTIONS_TRANSCRIBE] transcription output {'video_id': 'tQmEd_UeeIk', 'raw_text_preview': '', 'clean_text_preview': '', 'word_timestamp_count': 0, 'dedup_word_timestamp_count': 0, 'is_partial': False, 'stable_text_preview': '', 'failure_reason': None}
[ISWEEP][STT_SESSION] silence response emitted {'tab_id': 124035955, 'video_id': 'tQmEd_UeeIk', 'session_id': '124035955:tQmEd_UeeIk:1787878149450:nvsc63', 'chunk_id': '124035955:tQmEd_UeeIk:1787878149450:nvsc63:152', 'sequence_number': 152, 'audio_window_start_ms': 190400, 'audio_window_end_ms': 192656, 'vad_state': None, 'stt_status': 'silent_audio', 'text_length': 0, 'word_count': 0}
[ISWEEP][CAPTIONS_TRANSCRIBE] text returned {'video_id': 'tQmEd_UeeIk', 'source': 'silence', 'text': '', 'confidence': 0.0}
[ISWEEP][CAPTIONS_TRANSCRIBE] request received {'video_id': 'tQmEd_UeeIk', 'start_seconds': 191.65600000000003, 'end_seconds': 193.91200000000003, 'mime_type': 'audio/wav'}
[ISWEEP][CAPTIONS_TRANSCRIBE] stt state {'video_id': 'tQmEd_UeeIk', 'stt_enabled': True, 'model_name': 'base', 'model_initialized': True, 'model_init_error': None}
[ISWEEP][CAPTIONS_TRANSCRIBE] audio diagnostics {'video_id': 'tQmEd_UeeIk', 'wav_bytes': 72236, 'sample_rate': 16000, 'duration_seconds': 2.256, 'rms': 0.0, 'peak': 0.0, 'wav_parse_ok': True}
[ISWEEP][CAPTIONS_TRANSCRIBE] hotword hints {'video_id': 'tQmEd_UeeIk', 'count': 0, 'preview': []}
[ISWEEP][AUDIO_STT] chunk received {'video_id': 'tQmEd_UeeIk', 'start_seconds': 191.65600000000003, 'end_seconds': 193.91200000000003, 'mime_type': 'audio/wav'}
[ISWEEP][AUDIO_DEBUG] received audio bytes: 72236
[ISWEEP][AUDIO_STT] whisper started {'video_id': 'tQmEd_UeeIk', 'model': 'base'}
[ISWEEP][CAPTIONS_TRANSCRIBE] transcription output {'video_id': 'tQmEd_UeeIk', 'raw_text_preview': '', 'clean_text_preview': '', 'word_timestamp_count': 0, 'dedup_word_timestamp_count': 0, 'is_partial': False, 'stable_text_preview': '', 'failure_reason': None}
[ISWEEP][STT_SESSION] silence response emitted {'tab_id': 124035955, 'video_id': 'tQmEd_UeeIk', 'session_id': '124035955:tQmEd_UeeIk:1787878149450:nvsc63', 'chunk_id': '124035955:tQmEd_UeeIk:1787878149450:nvsc63:153', 'sequence_number': 153, 'audio_window_start_ms': 191656, 'audio_window_end_ms': 193912, 'vad_state': None, 'stt_status': 'silent_audio', 'text_length': 0, 'word_count': 0}
[ISWEEP][CAPTIONS_TRANSCRIBE] text returned {'video_id': 'tQmEd_UeeIk', 'source': 'silence', 'text': '', 'confidence': 0.0}
[ISWEEP][CAPTIONS_TRANSCRIBE] request received {'video_id': 'tQmEd_UeeIk', 'start_seconds': 192.91200000000003, 'end_seconds': 195.16800000000003, 'mime_type': 'audio/wav'}
[ISWEEP][CAPTIONS_TRANSCRIBE] stt state {'video_id': 'tQmEd_UeeIk', 'stt_enabled': True, 'model_name': 'base', 'model_initialized': True, 'model_init_error': None}
[ISWEEP][CAPTIONS_TRANSCRIBE] audio diagnostics {'video_id': 'tQmEd_UeeIk', 'wav_bytes': 72236, 'sample_rate': 16000, 'duration_seconds': 2.256, 'rms': 0.0, 'peak': 0.0, 'wav_parse_ok': True}
[ISWEEP][CAPTIONS_TRANSCRIBE] hotword hints {'video_id': 'tQmEd_UeeIk', 'count': 0, 'preview': []}
[ISWEEP][AUDIO_STT] chunk received {'video_id': 'tQmEd_UeeIk', 'start_seconds': 192.91200000000003, 'end_seconds': 195.16800000000003, 'mime_type': 'audio/wav'}
[ISWEEP][AUDIO_DEBUG] received audio bytes: 72236
[ISWEEP][AUDIO_STT] whisper started {'video_id': 'tQmEd_UeeIk', 'model': 'base'}
[ISWEEP][CAPTIONS_TRANSCRIBE] transcription output {'video_id': 'tQmEd_UeeIk', 'raw_text_preview': '', 'clean_text_preview': '', 'word_timestamp_count': 0, 'dedup_word_timestamp_count': 0, 'is_partial': False, 'stable_text_preview': '', 'failure_reason': None}
[ISWEEP][STT_SESSION] silence response emitted {'tab_id': 124035955, 'video_id': 'tQmEd_UeeIk', 'session_id': '124035955:tQmEd_UeeIk:1787878149450:nvsc63', 'chunk_id': '124035955:tQmEd_UeeIk:1787878149450:nvsc63:154', 'sequence_number': 154, 'audio_window_start_ms': 192912, 'audio_window_end_ms': 195168, 'vad_state': None, 'stt_status': 'silent_audio', 'text_length': 0, 'word_count': 0}
[ISWEEP][CAPTIONS_TRANSCRIBE] text returned {'video_id': 'tQmEd_UeeIk', 'source': 'silence', 'text': '', 'confidence': 0.0}
[ISWEEP][CAPTIONS_TRANSCRIBE] request received {'video_id': 'tQmEd_UeeIk', 'start_seconds': 194.16800000000003, 'end_seconds': 196.42400000000004, 'mime_type': 'audio/wav'}
[ISWEEP][CAPTIONS_TRANSCRIBE] stt state {'video_id': 'tQmEd_UeeIk', 'stt_enabled': True, 'model_name': 'base', 'model_initialized': True, 'model_init_error': None}
[ISWEEP][CAPTIONS_TRANSCRIBE] audio diagnostics {'video_id': 'tQmEd_UeeIk', 'wav_bytes': 72236, 'sample_rate': 16000, 'duration_seconds': 2.256, 'rms': 0.0, 'peak': 0.0, 'wav_parse_ok': True}
[ISWEEP][CAPTIONS_TRANSCRIBE] hotword hints {'video_id': 'tQmEd_UeeIk', 'count': 0, 'preview': []}
[ISWEEP][AUDIO_STT] chunk received {'video_id': 'tQmEd_UeeIk', 'start_seconds': 194.16800000000003, 'end_seconds': 196.42400000000004, 'mime_type': 'audio/wav'}
[ISWEEP][AUDIO_DEBUG] received audio bytes: 72236
[ISWEEP][AUDIO_STT] whisper started {'video_id': 'tQmEd_UeeIk', 'model': 'base'}
[ISWEEP][CAPTIONS_TRANSCRIBE] transcription output {'video_id': 'tQmEd_UeeIk', 'raw_text_preview': '', 'clean_text_preview': '', 'word_timestamp_count': 0, 'dedup_word_timestamp_count': 0, 'is_partial': False, 'stable_text_preview': '', 'failure_reason': None}
[ISWEEP][STT_SESSION] silence response emitted {'tab_id': 124035955, 'video_id': 'tQmEd_UeeIk', 'session_id': '124035955:tQmEd_UeeIk:1787878149450:nvsc63', 'chunk_id': '124035955:tQmEd_UeeIk:1787878149450:nvsc63:155', 'sequence_number': 155, 'audio_window_start_ms': 194168, 'audio_window_end_ms': 196424, 'vad_state': None, 'stt_status': 'silent_audio', 'text_length': 0, 'word_count': 0}
[ISWEEP][CAPTIONS_TRANSCRIBE] text returned {'video_id': 'tQmEd_UeeIk', 'source': 'silence', 'text': '', 'confidence': 0.0}
[ISWEEP][CAPTIONS_TRANSCRIBE] request received {'video_id': 'tQmEd_UeeIk', 'start_seconds': 195.42400000000004, 'end_seconds': 197.68000000000004, 'mime_type': 'audio/wav'}
[ISWEEP][CAPTIONS_TRANSCRIBE] stt state {'video_id': 'tQmEd_UeeIk', 'stt_enabled': True, 'model_name': 'base', 'model_initialized': True, 'model_init_error': None}
[ISWEEP][CAPTIONS_TRANSCRIBE] audio diagnostics {'video_id': 'tQmEd_UeeIk', 'wav_bytes': 72236, 'sample_rate': 16000, 'duration_seconds': 2.256, 'rms': 0.0, 'peak': 0.0, 'wav_parse_ok': True}
[ISWEEP][CAPTIONS_TRANSCRIBE] hotword hints {'video_id': 'tQmEd_UeeIk', 'count': 0, 'preview': []}
[ISWEEP][AUDIO_STT] chunk received {'video_id': 'tQmEd_UeeIk', 'start_seconds': 195.42400000000004, 'end_seconds': 197.68000000000004, 'mime_type': 'audio/wav'}
[ISWEEP][AUDIO_DEBUG] received audio bytes: 72236
[ISWEEP][AUDIO_STT] whisper started {'video_id': 'tQmEd_UeeIk', 'model': 'base'}
[ISWEEP][CAPTIONS_TRANSCRIBE] transcription output {'video_id': 'tQmEd_UeeIk', 'raw_text_preview': '', 'clean_text_preview': '', 'word_timestamp_count': 0, 'dedup_word_timestamp_count': 0, 'is_partial': False, 'stable_text_preview': '', 'failure_reason': None}
[ISWEEP][STT_SESSION] silence response emitted {'tab_id': 124035955, 'video_id': 'tQmEd_UeeIk', 'session_id': '124035955:tQmEd_UeeIk:1787878149450:nvsc63', 'chunk_id': '124035955:tQmEd_UeeIk:1787878149450:nvsc63:156', 'sequence_number': 156, 'audio_window_start_ms': 195424, 'audio_window_end_ms': 197680, 'vad_state': None, 'stt_status': 'silent_audio', 'text_length': 0, 'word_count': 0}
[ISWEEP][CAPTIONS_TRANSCRIBE] text returned {'video_id': 'tQmEd_UeeIk', 'source': 'silence', 'text': '', 'confidence': 0.0}
[ISWEEP][CAPTIONS_TRANSCRIBE] request received {'video_id': 'tQmEd_UeeIk', 'start_seconds': 196.68000000000004, 'end_seconds': 198.93600000000004, 'mime_type': 'audio/wav'}
[ISWEEP][CAPTIONS_TRANSCRIBE] stt state {'video_id': 'tQmEd_UeeIk', 'stt_enabled': True, 'model_name': 'base', 'model_initialized': True, 'model_init_error': None}
[ISWEEP][CAPTIONS_TRANSCRIBE] audio diagnostics {'video_id': 'tQmEd_UeeIk', 'wav_bytes': 72236, 'sample_rate': 16000, 'duration_seconds': 2.256, 'rms': 0.0, 'peak': 0.0, 'wav_parse_ok': True}
[ISWEEP][CAPTIONS_TRANSCRIBE] hotword hints {'video_id': 'tQmEd_UeeIk', 'count': 0, 'preview': []}
[ISWEEP][AUDIO_STT] chunk received {'video_id': 'tQmEd_UeeIk', 'start_seconds': 196.68000000000004, 'end_seconds': 198.93600000000004, 'mime_type': 'audio/wav'}
[ISWEEP][AUDIO_DEBUG] received audio bytes: 72236
[ISWEEP][AUDIO_STT] whisper started {'video_id': 'tQmEd_UeeIk', 'model': 'base'}
[ISWEEP][CAPTIONS_TRANSCRIBE] transcription output {'video_id': 'tQmEd_UeeIk', 'raw_text_preview': '', 'clean_text_preview': '', 'word_timestamp_count': 0, 'dedup_word_timestamp_count': 0, 'is_partial': False, 'stable_text_preview': '', 'failure_reason': None}
[ISWEEP][STT_SESSION] silence response emitted {'tab_id': 124035955, 'video_id': 'tQmEd_UeeIk', 'session_id': '124035955:tQmEd_UeeIk:1787878149450:nvsc63', 'chunk_id': '124035955:tQmEd_UeeIk:1787878149450:nvsc63:157', 'sequence_number': 157, 'audio_window_start_ms': 196680, 'audio_window_end_ms': 198936, 'vad_state': None, 'stt_status': 'silent_audio', 'text_length': 0, 'word_count': 0}
[ISWEEP][CAPTIONS_TRANSCRIBE] text returned {'video_id': 'tQmEd_UeeIk', 'source': 'silence', 'text': '', 'confidence': 0.0}
[ISWEEP][CAPTIONS_TRANSCRIBE] request received {'video_id': 'tQmEd_UeeIk', 'start_seconds': 199.19200000000004, 'end_seconds': 201.44800000000004, 'mime_type': 'audio/wav'}
[ISWEEP][CAPTIONS_TRANSCRIBE] stt state {'video_id': 'tQmEd_UeeIk', 'stt_enabled': True, 'model_name': 'base', 'model_initialized': True, 'model_init_error': None}
[ISWEEP][CAPTIONS_TRANSCRIBE] audio diagnostics {'video_id': 'tQmEd_UeeIk', 'wav_bytes': 72236, 'sample_rate': 16000, 'duration_seconds': 2.256, 'rms': 0.0, 'peak': 0.0, 'wav_parse_ok': True}
[ISWEEP][CAPTIONS_TRANSCRIBE] hotword hints {'video_id': 'tQmEd_UeeIk', 'count': 0, 'preview': []}
[ISWEEP][AUDIO_STT] chunk received {'video_id': 'tQmEd_UeeIk', 'start_seconds': 199.19200000000004, 'end_seconds': 201.44800000000004, 'mime_type': 'audio/wav'}
[ISWEEP][AUDIO_DEBUG] received audio bytes: 72236
[ISWEEP][AUDIO_STT] whisper started {'video_id': 'tQmEd_UeeIk', 'model': 'base'}
[ISWEEP][CAPTIONS_TRANSCRIBE] transcription output {'video_id': 'tQmEd_UeeIk', 'raw_text_preview': '', 'clean_text_preview': '', 'word_timestamp_count': 0, 'dedup_word_timestamp_count': 0, 'is_partial': False, 'stable_text_preview': '', 'failure_reason': None}
[ISWEEP][STT_SESSION] silence response emitted {'tab_id': 124035955, 'video_id': 'tQmEd_UeeIk', 'session_id': '124035955:tQmEd_UeeIk:1787878149450:nvsc63', 'chunk_id': '124035955:tQmEd_UeeIk:1787878149450:nvsc63:159', 'sequence_number': 159, 'audio_window_start_ms': 199192, 'audio_window_end_ms': 201448, 'vad_state': None, 'stt_status': 'silent_audio', 'text_length': 0, 'word_count': 0}
[ISWEEP][CAPTIONS_TRANSCRIBE] text returned {'video_id': 'tQmEd_UeeIk', 'source': 'silence', 'text': '', 'confidence': 0.0}
[ISWEEP][CAPTIONS_TRANSCRIBE] request received {'video_id': 'tQmEd_UeeIk', 'start_seconds': 200.44800000000004, 'end_seconds': 202.70400000000004, 'mime_type': 'audio/wav'}
[ISWEEP][CAPTIONS_TRANSCRIBE] stt state {'video_id': 'tQmEd_UeeIk', 'stt_enabled': True, 'model_name': 'base', 'model_initialized': True, 'model_init_error': None}
[ISWEEP][CAPTIONS_TRANSCRIBE] audio diagnostics {'video_id': 'tQmEd_UeeIk', 'wav_bytes': 72236, 'sample_rate': 16000, 'duration_seconds': 2.256, 'rms': 0.0, 'peak': 0.0, 'wav_parse_ok': True}
[ISWEEP][CAPTIONS_TRANSCRIBE] hotword hints {'video_id': 'tQmEd_UeeIk', 'count': 0, 'preview': []}
[ISWEEP][AUDIO_STT] chunk received {'video_id': 'tQmEd_UeeIk', 'start_seconds': 200.44800000000004, 'end_seconds': 202.70400000000004, 'mime_type': 'audio/wav'}
[ISWEEP][AUDIO_DEBUG] received audio bytes: 72236
[ISWEEP][AUDIO_STT] whisper started {'video_id': 'tQmEd_UeeIk', 'model': 'base'}
[ISWEEP][CAPTIONS_TRANSCRIBE] transcription output {'video_id': 'tQmEd_UeeIk', 'raw_text_preview': '', 'clean_text_preview': '', 'word_timestamp_count': 0, 'dedup_word_timestamp_count': 0, 'is_partial': False, 'stable_text_preview': '', 'failure_reason': None}
[ISWEEP][STT_SESSION] silence response emitted {'tab_id': 124035955, 'video_id': 'tQmEd_UeeIk', 'session_id': '124035955:tQmEd_UeeIk:1787878149450:nvsc63', 'chunk_id': '124035955:tQmEd_UeeIk:1787878149450:nvsc63:160', 'sequence_number': 160, 'audio_window_start_ms': 200448, 'audio_window_end_ms': 202704, 'vad_state': None, 'stt_status': 'silent_audio', 'text_length': 0, 'word_count': 0}
[ISWEEP][CAPTIONS_TRANSCRIBE] text returned {'video_id': 'tQmEd_UeeIk', 'source': 'silence', 'text': '', 'confidence': 0.0}
[ISWEEP][CAPTIONS_TRANSCRIBE] request received {'video_id': 'tQmEd_UeeIk', 'start_seconds': 202.96000000000004, 'end_seconds': 205.21600000000004, 'mime_type': 'audio/wav'}
[ISWEEP][CAPTIONS_TRANSCRIBE] stt state {'video_id': 'tQmEd_UeeIk', 'stt_enabled': True, 'model_name': 'base', 'model_initialized': True, 'model_init_error': None}
[ISWEEP][CAPTIONS_TRANSCRIBE] audio diagnostics {'video_id': 'tQmEd_UeeIk', 'wav_bytes': 72236, 'sample_rate': 16000, 'duration_seconds': 2.256, 'rms': 0.0, 'peak': 0.0, 'wav_parse_ok': True}
[ISWEEP][CAPTIONS_TRANSCRIBE] hotword hints {'video_id': 'tQmEd_UeeIk', 'count': 0, 'preview': []}
[ISWEEP][AUDIO_STT] chunk received {'video_id': 'tQmEd_UeeIk', 'start_seconds': 202.96000000000004, 'end_seconds': 205.21600000000004, 'mime_type': 'audio/wav'}
[ISWEEP][AUDIO_DEBUG] received audio bytes: 72236
[ISWEEP][AUDIO_STT] whisper started {'video_id': 'tQmEd_UeeIk', 'model': 'base'}
[ISWEEP][CAPTIONS_TRANSCRIBE] transcription output {'video_id': 'tQmEd_UeeIk', 'raw_text_preview': '', 'clean_text_preview': '', 'word_timestamp_count': 0, 'dedup_word_timestamp_count': 0, 'is_partial': False, 'stable_text_preview': '', 'failure_reason': None}
[ISWEEP][STT_SESSION] silence response emitted {'tab_id': 124035955, 'video_id': 'tQmEd_UeeIk', 'session_id': '124035955:tQmEd_UeeIk:1787878149450:nvsc63', 'chunk_id': '124035955:tQmEd_UeeIk:1787878149450:nvsc63:162', 'sequence_number': 162, 'audio_window_start_ms': 202960, 'audio_window_end_ms': 205216, 'vad_state': None, 'stt_status': 'silent_audio', 'text_length': 0, 'word_count': 0}
[ISWEEP][CAPTIONS_TRANSCRIBE] text returned {'video_id': 'tQmEd_UeeIk', 'source': 'silence', 'text': '', 'confidence': 0.0}
[ISWEEP][CAPTIONS_TRANSCRIBE] request received {'video_id': 'tQmEd_UeeIk', 'start_seconds': 205.47200000000004, 'end_seconds': 207.72800000000004, 'mime_type': 'audio/wav'}
[ISWEEP][CAPTIONS_TRANSCRIBE] stt state {'video_id': 'tQmEd_UeeIk', 'stt_enabled': True, 'model_name': 'base', 'model_initialized': True, 'model_init_error': None}
[ISWEEP][CAPTIONS_TRANSCRIBE] audio diagnostics {'video_id': 'tQmEd_UeeIk', 'wav_bytes': 72236, 'sample_rate': 16000, 'duration_seconds': 2.256, 'rms': 0.0, 'peak': 0.0, 'wav_parse_ok': True}
[ISWEEP][CAPTIONS_TRANSCRIBE] hotword hints {'video_id': 'tQmEd_UeeIk', 'count': 0, 'preview': []}
[ISWEEP][AUDIO_STT] chunk received {'video_id': 'tQmEd_UeeIk', 'start_seconds': 205.47200000000004, 'end_seconds': 207.72800000000004, 'mime_type': 'audio/wav'}
[ISWEEP][AUDIO_DEBUG] received audio bytes: 72236
[ISWEEP][AUDIO_STT] whisper started {'video_id': 'tQmEd_UeeIk', 'model': 'base'}
[ISWEEP][CAPTIONS_TRANSCRIBE] transcription output {'video_id': 'tQmEd_UeeIk', 'raw_text_preview': '', 'clean_text_preview': '', 'word_timestamp_count': 0, 'dedup_word_timestamp_count': 0, 'is_partial': False, 'stable_text_preview': '', 'failure_reason': None}
[ISWEEP][STT_SESSION] silence response emitted {'tab_id': 124035955, 'video_id': 'tQmEd_UeeIk', 'session_id': '124035955:tQmEd_UeeIk:1787878149450:nvsc63', 'chunk_id': '124035955:tQmEd_UeeIk:1787878149450:nvsc63:164', 'sequence_number': 164, 'audio_window_start_ms': 205472, 'audio_window_end_ms': 207728, 'vad_state': None, 'stt_status': 'silent_audio', 'text_length': 0, 'word_count': 0}
[ISWEEP][CAPTIONS_TRANSCRIBE] text returned {'video_id': 'tQmEd_UeeIk', 'source': 'silence', 'text': '', 'confidence': 0.0}
[ISWEEP][CAPTIONS_TRANSCRIBE] request received {'video_id': 'tQmEd_UeeIk', 'start_seconds': 206.72800000000004, 'end_seconds': 208.98400000000004, 'mime_type': 'audio/wav'}
[ISWEEP][CAPTIONS_TRANSCRIBE] stt state {'video_id': 'tQmEd_UeeIk', 'stt_enabled': True, 'model_name': 'base', 'model_initialized': True, 'model_init_error': None}
[ISWEEP][CAPTIONS_TRANSCRIBE] audio diagnostics {'video_id': 'tQmEd_UeeIk', 'wav_bytes': 72236, 'sample_rate': 16000, 'duration_seconds': 2.256, 'rms': 0.0, 'peak': 0.0, 'wav_parse_ok': True}
[ISWEEP][CAPTIONS_TRANSCRIBE] hotword hints {'video_id': 'tQmEd_UeeIk', 'count': 0, 'preview': []}
[ISWEEP][AUDIO_STT] chunk received {'video_id': 'tQmEd_UeeIk', 'start_seconds': 206.72800000000004, 'end_seconds': 208.98400000000004, 'mime_type': 'audio/wav'}
[ISWEEP][AUDIO_DEBUG] received audio bytes: 72236
[ISWEEP][AUDIO_STT] whisper started {'video_id': 'tQmEd_UeeIk', 'model': 'base'}
[ISWEEP][CAPTIONS_TRANSCRIBE] transcription output {'video_id': 'tQmEd_UeeIk', 'raw_text_preview': '', 'clean_text_preview': '', 'word_timestamp_count': 0, 'dedup_word_timestamp_count': 0, 'is_partial': False, 'stable_text_preview': '', 'failure_reason': None}
[ISWEEP][STT_SESSION] silence response emitted {'tab_id': 124035955, 'video_id': 'tQmEd_UeeIk', 'session_id': '124035955:tQmEd_UeeIk:1787878149450:nvsc63', 'chunk_id': '124035955:tQmEd_UeeIk:1787878149450:nvsc63:165', 'sequence_number': 165, 'audio_window_start_ms': 206728, 'audio_window_end_ms': 208984, 'vad_state': None, 'stt_status': 'silent_audio', 'text_length': 0, 'word_count': 0}
[ISWEEP][CAPTIONS_TRANSCRIBE] text returned {'video_id': 'tQmEd_UeeIk', 'source': 'silence', 'text': '', 'confidence': 0.0}
[ISWEEP][CAPTIONS_TRANSCRIBE] request received {'video_id': 'tQmEd_UeeIk', 'start_seconds': 0.0, 'end_seconds': 3.0, 'mime_type': 'audio/wav'}
[ISWEEP][CAPTIONS_TRANSCRIBE] stt state {'video_id': 'tQmEd_UeeIk', 'stt_enabled': True, 'model_name': 'base', 'model_initialized': True, 'model_init_error': None}
[ISWEEP][CAPTIONS_TRANSCRIBE] audio diagnostics {'video_id': 'tQmEd_UeeIk', 'wav_bytes': 96044, 'sample_rate': 16000, 'duration_seconds': 3.0, 'rms': 0.0, 'peak': 0.0, 'wav_parse_ok': True}
[ISWEEP][STT_SESSION] buffer reset {'tab_id': 124035955, 'video_id': 'tQmEd_UeeIk', 'session_id': '124035955:tQmEd_UeeIk:1787878420965:bm98gn', 'chunk_id': '124035955:tQmEd_UeeIk:1787878420965:bm98gn:1', 'audio_window_start_ms': None, 'audio_window_end_ms': 3000, 'vad_state': None, 'reason': 'new_identity_key', 'rolling_key': '2::124035955::tQmEd_UeeIk::124035955:tQmEd_UeeIk:1787878420965:bm98gn'}
[ISWEEP][CAPTIONS_TRANSCRIBE] hotword hints {'video_id': 'tQmEd_UeeIk', 'count': 0, 'preview': []}
[ISWEEP][AUDIO_STT] chunk received {'video_id': 'tQmEd_UeeIk', 'start_seconds': 0.0, 'end_seconds': 3.0, 'mime_type': 'audio/wav'}
[ISWEEP][AUDIO_DEBUG] received audio bytes: 96044
[ISWEEP][AUDIO_STT] whisper started {'video_id': 'tQmEd_UeeIk', 'model': 'base'}
[ISWEEP][CAPTIONS_TRANSCRIBE] transcription output {'video_id': 'tQmEd_UeeIk', 'raw_text_preview': '', 'clean_text_preview': '', 'word_timestamp_count': 0, 'dedup_word_timestamp_count': 0, 'is_partial': False, 'stable_text_preview': '', 'failure_reason': None}
[ISWEEP][STT_SESSION] silence response emitted {'tab_id': 124035955, 'video_id': 'tQmEd_UeeIk', 'session_id': '124035955:tQmEd_UeeIk:1787878420965:bm98gn', 'chunk_id': '124035955:tQmEd_UeeIk:1787878420965:bm98gn:1', 'sequence_number': 1, 'audio_window_start_ms': None, 'audio_window_end_ms': 3000, 'vad_state': None, 'stt_status': 'silent_audio', 'text_length': 0, 'word_count': 0}
[ISWEEP][CAPTIONS_TRANSCRIBE] text returned {'video_id': 'tQmEd_UeeIk', 'source': 'silence', 'text': '', 'confidence': 0.0}
[ISWEEP][CAPTIONS_TRANSCRIBE] request received {'video_id': 'tQmEd_UeeIk', 'start_seconds': 2.0, 'end_seconds': 4.256, 'mime_type': 'audio/wav'}
[ISWEEP][CAPTIONS_TRANSCRIBE] stt state {'video_id': 'tQmEd_UeeIk', 'stt_enabled': True, 'model_name': 'base', 'model_initialized': True, 'model_init_error': None}
[ISWEEP][CAPTIONS_TRANSCRIBE] audio diagnostics {'video_id': 'tQmEd_UeeIk', 'wav_bytes': 72236, 'sample_rate': 16000, 'duration_seconds': 2.256, 'rms': 0.0, 'peak': 0.0, 'wav_parse_ok': True}
[ISWEEP][CAPTIONS_TRANSCRIBE] hotword hints {'video_id': 'tQmEd_UeeIk', 'count': 0, 'preview': []}
[ISWEEP][AUDIO_STT] chunk received {'video_id': 'tQmEd_UeeIk', 'start_seconds': 2.0000000000000004, 'end_seconds': 4.256, 'mime_type': 'audio/wav'}
[ISWEEP][AUDIO_DEBUG] received audio bytes: 72236
[ISWEEP][AUDIO_STT] whisper started {'video_id': 'tQmEd_UeeIk', 'model': 'base'}
[ISWEEP][CAPTIONS_TRANSCRIBE] transcription output {'video_id': 'tQmEd_UeeIk', 'raw_text_preview': '', 'clean_text_preview': '', 'word_timestamp_count': 0, 'dedup_word_timestamp_count': 0, 'is_partial': False, 'stable_text_preview': '', 'failure_reason': None}
[ISWEEP][STT_SESSION] silence response emitted {'tab_id': 124035955, 'video_id': 'tQmEd_UeeIk', 'session_id': '124035955:tQmEd_UeeIk:1787878420965:bm98gn', 'chunk_id': '124035955:tQmEd_UeeIk:1787878420965:bm98gn:2', 'sequence_number': 2, 'audio_window_start_ms': 2000, 'audio_window_end_ms': 4256, 'vad_state': None, 'stt_status': 'silent_audio', 'text_length': 0, 'word_count': 0}
[ISWEEP][CAPTIONS_TRANSCRIBE] text returned {'video_id': 'tQmEd_UeeIk', 'source': 'silence', 'text': '', 'confidence': 0.0}
[ISWEEP][CAPTIONS_TRANSCRIBE] request received {'video_id': 'tQmEd_UeeIk', 'start_seconds': 3.2560000000000002, 'end_seconds': 5.5120000000000005, 'mime_type': 'audio/wav'}
[ISWEEP][CAPTIONS_TRANSCRIBE] stt state {'video_id': 'tQmEd_UeeIk', 'stt_enabled': True, 'model_name': 'base', 'model_initialized': True, 'model_init_error': None}
[ISWEEP][CAPTIONS_TRANSCRIBE] audio diagnostics {'video_id': 'tQmEd_UeeIk', 'wav_bytes': 72236, 'sample_rate': 16000, 'duration_seconds': 2.256, 'rms': 0.005907, 'peak': 0.067291, 'wav_parse_ok': True}
[ISWEEP][CAPTIONS_TRANSCRIBE] hotword hints {'video_id': 'tQmEd_UeeIk', 'count': 0, 'preview': []}
[ISWEEP][AUDIO_STT] chunk received {'video_id': 'tQmEd_UeeIk', 'start_seconds': 3.2560000000000007, 'end_seconds': 5.5120000000000005, 'mime_type': 'audio/wav'}
[ISWEEP][AUDIO_DEBUG] received audio bytes: 72236
[ISWEEP][AUDIO_STT] whisper started {'video_id': 'tQmEd_UeeIk', 'model': 'base'}
[ISWEEP][CAPTIONS_TRANSCRIBE] transcription output {'video_id': 'tQmEd_UeeIk', 'raw_text_preview': '', 'clean_text_preview': '', 'word_timestamp_count': 0, 'dedup_word_timestamp_count': 0, 'is_partial': False, 'stable_text_preview': '', 'failure_reason': None}
[ISWEEP][CAPTIONS_TRANSCRIBE] text returned {'video_id': 'tQmEd_UeeIk', 'source': 'audio_stt', 'text': '', 'confidence': 0.0}
[ISWEEP][CAPTIONS_TRANSCRIBE] request received {'video_id': 'tQmEd_UeeIk', 'start_seconds': 4.5120000000000005, 'end_seconds': 6.768000000000001, 'mime_type': 'audio/wav'}
[ISWEEP][CAPTIONS_TRANSCRIBE] stt state {'video_id': 'tQmEd_UeeIk', 'stt_enabled': True, 'model_name': 'base', 'model_initialized': True, 'model_init_error': None}
[ISWEEP][CAPTIONS_TRANSCRIBE] audio diagnostics {'video_id': 'tQmEd_UeeIk', 'wav_bytes': 72236, 'sample_rate': 16000, 'duration_seconds': 2.256, 'rms': 0.013506, 'peak': 0.067291, 'wav_parse_ok': True}
[ISWEEP][CAPTIONS_TRANSCRIBE] hotword hints {'video_id': 'tQmEd_UeeIk', 'count': 0, 'preview': []}
[ISWEEP][AUDIO_STT] chunk received {'video_id': 'tQmEd_UeeIk', 'start_seconds': 2.7680000000000007, 'end_seconds': 6.768000000000001, 'mime_type': 'audio/wav'}
[ISWEEP][AUDIO_DEBUG] received audio bytes: 128044
[ISWEEP][AUDIO_STT] whisper started {'video_id': 'tQmEd_UeeIk', 'model': 'base'}
[ISWEEP][CAPTIONS_TRANSCRIBE] transcription output 